scheduler,code,q,columns,layers,qubits,volume,idle,sec,floor,best_cols,q_rel,cols_rel,collapsed_to_serial,n_methods,common,q_n,cols_n,q_lo,q_hi,c_lo,c_hi
greedy,"[[17,2,6]]",39,105,101,39,3997.0,98.0,69.6,39,26,1.0,4.038461538461538,False,3,True,0.0,0.8681318681318682,39,98,26,117.0
greedy,"[[17,2,6]]",40,94,90,40,3667.0,93.0,79.9,39,26,1.0256410256410255,3.6153846153846154,False,3,True,0.01694915254237288,0.7472527472527473,39,98,26,117.0
greedy,"[[17,2,6]]",41,84,80,41,3358.0,86.0,54.5,39,26,1.0512820512820513,3.230769230769231,False,3,True,0.03389830508474576,0.6373626373626373,39,98,26,117.0
greedy,"[[17,2,6]]",42,81,77,42,3303.0,99.0,68.2,39,26,1.0769230769230769,3.1153846153846154,False,3,True,0.05084745762711865,0.6043956043956044,39,98,26,117.0
greedy,"[[17,2,6]]",43,78,74,43,3244.0,110.0,65.7,39,26,1.1025641025641026,3.0,False,3,True,0.06779661016949153,0.5714285714285714,39,98,26,117.0
greedy,"[[17,2,6]]",44,73,69,44,3130.0,82.0,75.0,39,26,1.1282051282051282,2.8076923076923075,False,3,True,0.0847457627118644,0.5164835164835165,39,98,26,117.0
greedy,"[[17,2,6]]",45,69,65,45,3020.0,85.0,33.3,39,26,1.1538461538461537,2.6538461538461537,False,3,True,0.1016949152542373,0.4725274725274725,39,98,26,117.0
greedy,"[[17,2,6]]",46,65,61,46,2871.0,119.0,43.2,39,26,1.1794871794871795,2.5,False,3,True,0.11864406779661017,0.42857142857142855,39,98,26,117.0
greedy,"[[17,2,6]]",47,62,58,47,2845.0,69.0,54.4,39,26,1.205128205128205,2.3846153846153846,False,3,True,0.13559322033898305,0.3956043956043956,39,98,26,117.0
greedy,"[[17,2,6]]",48,60,56,48,2745.0,135.0,26.7,39,26,1.2307692307692308,2.3076923076923075,False,3,True,0.15254237288135594,0.37362637362637363,39,98,26,117.0
greedy,"[[17,2,6]]",49,58,54,49,2719.0,123.0,49.0,39,26,1.2564102564102564,2.230769230769231,False,3,True,0.1694915254237288,0.3516483516483517,39,98,26,117.0
greedy,"[[17,2,6]]",50,55,51,50,2622.0,128.0,34.3,39,26,1.2820512820512822,2.1153846153846154,False,3,True,0.1864406779661017,0.31868131868131866,39,98,26,117.0
greedy,"[[17,2,6]]",51,54,50,51,2653.0,101.0,47.1,39,26,1.3076923076923077,2.076923076923077,False,3,True,0.2033898305084746,0.3076923076923077,39,98,26,117.0
greedy,"[[17,2,6]]",52,51,47,52,2517.0,135.0,40.5,39,26,1.3333333333333333,1.9615384615384615,False,3,True,0.22033898305084745,0.27472527472527475,39,98,26,117.0
greedy,"[[17,2,6]]",53,50,46,53,2510.0,140.0,31.1,39,26,1.358974358974359,1.9230769230769231,False,3,True,0.23728813559322035,0.26373626373626374,39,98,26,117.0
greedy,"[[17,2,6]]",54,48,44,54,2453.0,139.0,19.9,39,26,1.3846153846153846,1.8461538461538463,False,3,True,0.2542372881355932,0.24175824175824176,39,98,26,117.0
greedy,"[[17,2,6]]",55,47,43,55,2429.0,156.0,19.4,39,26,1.4102564102564104,1.8076923076923077,False,3,True,0.2711864406779661,0.23076923076923078,39,98,26,117.0
greedy,"[[17,2,6]]",56,47,43,55,2429.0,203.0,36.3,39,26,1.435897435897436,1.8076923076923077,False,3,True,0.288135593220339,0.23076923076923078,39,98,26,117.0
greedy,"[[17,2,6]]",57,45,41,57,2426.0,139.0,34.5,39,26,1.4615384615384615,1.7307692307692308,False,3,True,0.3050847457627119,0.2087912087912088,39,98,26,117.0
greedy,"[[17,2,6]]",58,42,38,58,2321.0,115.0,33.2,39,26,1.4871794871794872,1.6153846153846154,False,3,True,0.3220338983050847,0.17582417582417584,39,98,26,117.0
greedy,"[[17,2,6]]",59,41,37,59,2247.0,172.0,24.1,39,26,1.5128205128205128,1.5769230769230769,False,3,True,0.3389830508474576,0.16483516483516483,39,98,26,117.0
greedy,"[[17,2,6]]",60,41,37,59,2247.0,213.0,24.7,39,26,1.5384615384615385,1.5769230769230769,False,3,True,0.3559322033898305,0.16483516483516483,39,98,26,117.0
greedy,"[[17,2,6]]",61,40,36,61,2310.0,130.0,23.9,39,26,1.564102564102564,1.5384615384615385,False,3,True,0.3728813559322034,0.15384615384615385,39,98,26,117.0
greedy,"[[17,2,6]]",62,40,36,62,2302.0,178.0,22.4,39,26,1.5897435897435896,1.5384615384615385,False,3,True,0.3898305084745763,0.15384615384615385,39,98,26,117.0
greedy,"[[17,2,6]]",63,38,34,63,2255.0,139.0,29.5,39,26,1.6153846153846154,1.4615384615384615,False,3,True,0.4067796610169492,0.13186813186813187,39,98,26,117.0
greedy,"[[17,2,6]]",64,38,34,63,2255.0,177.0,22.1,39,26,1.641025641025641,1.4615384615384615,False,3,True,0.423728813559322,0.13186813186813187,39,98,26,117.0
greedy,"[[17,2,6]]",65,37,33,65,2249.0,156.0,14.3,39,26,1.6666666666666667,1.4230769230769231,False,3,True,0.4406779661016949,0.12087912087912088,39,98,26,117.0
greedy,"[[17,2,6]]",66,37,33,66,2229.0,213.0,14.6,39,26,1.6923076923076923,1.4230769230769231,False,3,True,0.4576271186440678,0.12087912087912088,39,98,26,117.0
greedy,"[[17,2,6]]",67,36,32,67,2235.0,177.0,20.6,39,26,1.7179487179487178,1.3846153846153846,False,3,True,0.4745762711864407,0.10989010989010989,39,98,26,117.0
greedy,"[[17,2,6]]",68,35,31,68,2226.0,154.0,20.3,39,26,1.7435897435897436,1.3461538461538463,False,3,True,0.4915254237288136,0.0989010989010989,39,98,26,117.0
greedy,"[[17,2,6]]",69,35,31,68,2226.0,189.0,20.3,39,26,1.7692307692307692,1.3461538461538463,False,3,True,0.5084745762711864,0.0989010989010989,39,98,26,117.0
greedy,"[[17,2,6]]",70,35,31,68,2226.0,224.0,13.8,39,26,1.794871794871795,1.3461538461538463,False,3,True,0.5254237288135594,0.0989010989010989,39,98,26,117.0
greedy,"[[17,2,6]]",71,34,30,71,2238.0,176.0,19.5,39,26,1.8205128205128205,1.3076923076923077,False,3,True,0.5423728813559322,0.08791208791208792,39,98,26,117.0
greedy,"[[17,2,6]]",72,34,30,71,2238.0,210.0,20.5,39,26,1.8461538461538463,1.3076923076923077,False,3,True,0.559322033898305,0.08791208791208792,39,98,26,117.0
greedy,"[[17,2,6]]",73,34,30,73,2234.0,248.0,13.3,39,26,1.8717948717948718,1.3076923076923077,False,3,True,0.576271186440678,0.08791208791208792,39,98,26,117.0
greedy,"[[17,2,6]]",74,34,30,73,2234.0,282.0,18.5,39,26,1.8974358974358974,1.3076923076923077,False,3,True,0.5932203389830508,0.08791208791208792,39,98,26,117.0
greedy,"[[17,2,6]]",75,32,28,75,2238.0,162.0,23.9,39,26,1.9230769230769231,1.2307692307692308,False,3,True,0.6101694915254238,0.06593406593406594,39,98,26,117.0
greedy,"[[17,2,6]]",76,32,28,75,2238.0,194.0,23.8,39,26,1.9487179487179487,1.2307692307692308,False,3,True,0.6271186440677966,0.06593406593406594,39,98,26,117.0
greedy,"[[17,2,6]]",77,32,28,75,2238.0,226.0,12.4,39,26,1.9743589743589745,1.2307692307692308,False,3,True,0.6440677966101694,0.06593406593406594,39,98,26,117.0
greedy,"[[17,2,6]]",78,31,27,78,2205.0,213.0,17.5,39,26,2.0,1.1923076923076923,False,3,True,0.6610169491525424,0.054945054945054944,39,98,26,117.0
greedy,"[[17,2,6]]",79,31,27,78,2205.0,244.0,17.4,39,26,2.0256410256410255,1.1923076923076923,False,3,True,0.6779661016949152,0.054945054945054944,39,98,26,117.0
greedy,"[[17,2,6]]",80,31,27,78,2205.0,275.0,11.5,39,26,2.051282051282051,1.1923076923076923,False,3,True,0.6949152542372882,0.054945054945054944,39,98,26,117.0
greedy,"[[17,2,6]]",81,31,27,78,2205.0,306.0,11.8,39,26,2.076923076923077,1.1923076923076923,False,3,True,0.711864406779661,0.054945054945054944,39,98,26,117.0
greedy,"[[17,2,6]]",82,30,26,82,2263.0,197.0,21.6,39,26,2.1025641025641026,1.1538461538461537,False,3,True,0.7288135593220338,0.04395604395604396,39,98,26,117.0
greedy,"[[17,2,6]]",83,30,26,83,2250.0,240.0,16.5,39,26,2.128205128205128,1.1538461538461537,False,3,True,0.7457627118644068,0.04395604395604396,39,98,26,117.0
greedy,"[[17,2,6]]",84,30,26,83,2250.0,270.0,11.1,39,26,2.1538461538461537,1.1538461538461537,False,3,True,0.7627118644067796,0.04395604395604396,39,98,26,117.0
greedy,"[[17,2,6]]",85,30,26,83,2250.0,300.0,16.1,39,26,2.1794871794871793,1.1538461538461537,False,3,True,0.7796610169491526,0.04395604395604396,39,98,26,117.0
greedy,"[[17,2,6]]",86,30,26,83,2250.0,330.0,20.9,39,26,2.2051282051282053,1.1538461538461537,False,3,True,0.7966101694915254,0.04395604395604396,39,98,26,117.0
greedy,"[[17,2,6]]",87,28,24,87,2247.0,189.0,24.5,39,26,2.230769230769231,1.0769230769230769,False,3,True,0.8135593220338984,0.02197802197802198,39,98,26,117.0
greedy,"[[17,2,6]]",88,28,24,87,2247.0,217.0,15.6,39,26,2.2564102564102564,1.0769230769230769,False,3,True,0.8305084745762712,0.02197802197802198,39,98,26,117.0
greedy,"[[17,2,6]]",89,28,24,87,2247.0,245.0,19.8,39,26,2.282051282051282,1.0769230769230769,False,3,True,0.847457627118644,0.02197802197802198,39,98,26,117.0
greedy,"[[17,2,6]]",90,28,24,87,2247.0,273.0,10.1,39,26,2.3076923076923075,1.0769230769230769,False,3,True,0.864406779661017,0.02197802197802198,39,98,26,117.0
greedy,"[[17,2,6]]",91,28,24,87,2247.0,301.0,10.6,39,26,2.3333333333333335,1.0769230769230769,False,3,True,0.8813559322033898,0.02197802197802198,39,98,26,117.0
greedy,"[[17,2,6]]",92,28,24,87,2247.0,329.0,9.8,39,26,2.358974358974359,1.0769230769230769,False,3,True,0.8983050847457628,0.02197802197802198,39,98,26,117.0
greedy,"[[17,2,6]]",93,28,24,87,2247.0,357.0,10.2,39,26,2.3846153846153846,1.0769230769230769,False,3,True,0.9152542372881356,0.02197802197802198,39,98,26,117.0
greedy,"[[17,2,6]]",94,27,23,94,2284.0,254.0,13.8,39,26,2.41025641025641,1.0384615384615385,False,3,True,0.9322033898305084,0.01098901098901099,39,98,26,117.0
greedy,"[[17,2,6]]",95,27,23,95,2266.0,299.0,13.9,39,26,2.4358974358974357,1.0384615384615385,False,3,True,0.9491525423728814,0.01098901098901099,39,98,26,117.0
greedy,"[[17,2,6]]",96,26,22,96,2232.0,264.0,17.2,39,26,2.4615384615384617,1.0,False,3,True,0.9661016949152542,0.0,39,98,26,117.0
greedy,"[[17,2,6]]",97,26,22,96,2232.0,290.0,9.4,39,26,2.4871794871794872,1.0,False,3,True,0.9830508474576272,0.0,39,98,26,117.0
greedy,"[[17,2,6]]",98,26,22,96,2232.0,316.0,9.3,39,26,2.5128205128205128,1.0,False,3,True,1.0,0.0,39,98,26,117.0
greedy,"[[20,2,6]]",45,85,81,45,3704.0,121.0,44.9,45,27,1.0,3.1481481481481484,False,3,True,0.0,0.8169014084507042,45,98,27,98.0
greedy,"[[20,2,6]]",46,79,75,46,3542.0,92.0,61.3,45,27,1.0222222222222221,2.925925925925926,False,3,True,0.018867924528301886,0.7323943661971831,45,98,27,98.0
greedy,"[[20,2,6]]",47,71,67,47,3241.0,96.0,38.7,45,27,1.0444444444444445,2.6296296296296298,False,3,True,0.03773584905660377,0.6197183098591549,45,98,27,98.0
greedy,"[[20,2,6]]",48,69,65,48,3204.0,108.0,38.0,45,27,1.0666666666666667,2.5555555555555554,False,3,True,0.05660377358490566,0.5915492957746479,45,98,27,98.0
greedy,"[[20,2,6]]",49,64,60,49,3021.0,115.0,47.2,45,27,1.0888888888888888,2.3703703703703702,False,3,True,0.07547169811320754,0.5211267605633803,45,98,27,98.0
greedy,"[[20,2,6]]",50,62,58,50,2991.0,109.0,43.3,45,27,1.1111111111111112,2.2962962962962963,False,3,True,0.09433962264150944,0.49295774647887325,45,98,27,98.0
greedy,"[[20,2,6]]",51,59,55,51,2887.0,122.0,39.4,45,27,1.1333333333333333,2.185185185185185,False,3,True,0.11320754716981132,0.4507042253521127,45,98,27,98.0
greedy,"[[20,2,6]]",52,56,52,52,2785.0,127.0,36.8,45,27,1.1555555555555554,2.074074074074074,False,3,True,0.1320754716981132,0.4084507042253521,45,98,27,98.0
greedy,"[[20,2,6]]",53,56,52,52,2785.0,183.0,37.8,45,27,1.1777777777777778,2.074074074074074,False,3,True,0.1509433962264151,0.4084507042253521,45,98,27,98.0
greedy,"[[20,2,6]]",54,54,50,54,2769.0,147.0,35.3,45,27,1.2,2.0,False,3,True,0.16981132075471697,0.38028169014084506,45,98,27,98.0
greedy,"[[20,2,6]]",55,53,49,55,2786.0,129.0,24.0,45,27,1.2222222222222223,1.962962962962963,False,3,True,0.18867924528301888,0.36619718309859156,45,98,27,98.0
greedy,"[[20,2,6]]",56,50,46,56,2645.0,155.0,32.5,45,27,1.2444444444444445,1.8518518518518519,False,3,True,0.20754716981132076,0.323943661971831,45,98,27,98.0
greedy,"[[20,2,6]]",57,49,45,57,2666.0,127.0,32.6,45,27,1.2666666666666666,1.8148148148148149,False,3,True,0.22641509433962265,0.30985915492957744,45,98,27,98.0
greedy,"[[20,2,6]]",58,48,44,58,2628.0,156.0,41.6,45,27,1.288888888888889,1.7777777777777777,False,3,True,0.24528301886792453,0.29577464788732394,45,98,27,98.0
greedy,"[[20,2,6]]",59,46,42,59,2576.0,138.0,30.2,45,27,1.3111111111111111,1.7037037037037037,False,3,True,0.2641509433962264,0.2676056338028169,45,98,27,98.0
greedy,"[[20,2,6]]",60,46,42,59,2576.0,184.0,20.6,45,27,1.3333333333333333,1.7037037037037037,False,3,True,0.2830188679245283,0.2676056338028169,45,98,27,98.0
greedy,"[[20,2,6]]",61,44,40,61,2504.0,180.0,19.6,45,27,1.3555555555555556,1.6296296296296295,False,3,True,0.3018867924528302,0.23943661971830985,45,98,27,98.0
greedy,"[[20,2,6]]",62,44,40,61,2504.0,224.0,19.0,45,27,1.3777777777777778,1.6296296296296295,False,3,True,0.32075471698113206,0.23943661971830985,45,98,27,98.0
greedy,"[[20,2,6]]",63,44,40,61,2504.0,268.0,19.1,45,27,1.4,1.6296296296296295,False,3,True,0.33962264150943394,0.23943661971830985,45,98,27,98.0
greedy,"[[20,2,6]]",64,41,37,64,2428.0,196.0,17.3,45,27,1.4222222222222223,1.5185185185185186,False,3,True,0.3584905660377358,0.19718309859154928,45,98,27,98.0
greedy,"[[20,2,6]]",65,41,37,64,2428.0,237.0,25.6,45,27,1.4444444444444444,1.5185185185185186,False,3,True,0.37735849056603776,0.19718309859154928,45,98,27,98.0
greedy,"[[20,2,6]]",66,40,36,66,2447.0,193.0,32.6,45,27,1.4666666666666666,1.4814814814814814,False,3,True,0.39622641509433965,0.18309859154929578,45,98,27,98.0
greedy,"[[20,2,6]]",67,39,35,67,2430.0,183.0,16.2,45,27,1.488888888888889,1.4444444444444444,False,3,True,0.41509433962264153,0.16901408450704225,45,98,27,98.0
greedy,"[[20,2,6]]",68,38,34,68,2396.0,188.0,23.6,45,27,1.511111111111111,1.4074074074074074,False,3,True,0.4339622641509434,0.15492957746478872,45,98,27,98.0
greedy,"[[20,2,6]]",69,37,33,69,2379.0,174.0,15.7,45,27,1.5333333333333334,1.3703703703703705,False,3,True,0.4528301886792453,0.14084507042253522,45,98,27,98.0
greedy,"[[20,2,6]]",70,37,33,69,2379.0,211.0,15.6,45,27,1.5555555555555556,1.3703703703703705,False,3,True,0.4716981132075472,0.14084507042253522,45,98,27,98.0
greedy,"[[20,2,6]]",71,37,33,69,2379.0,248.0,22.6,45,27,1.5777777777777777,1.3703703703703705,False,3,True,0.49056603773584906,0.14084507042253522,45,98,27,98.0
greedy,"[[20,2,6]]",72,36,32,72,2361.0,231.0,14.9,45,27,1.6,1.3333333333333333,False,3,True,0.5094339622641509,0.1267605633802817,45,98,27,98.0
greedy,"[[20,2,6]]",73,35,31,73,2345.0,210.0,20.5,45,27,1.6222222222222222,1.2962962962962963,False,3,True,0.5283018867924528,0.11267605633802817,45,98,27,98.0
greedy,"[[20,2,6]]",74,34,30,74,2308.0,208.0,13.6,45,27,1.6444444444444444,1.2592592592592593,False,3,True,0.5471698113207547,0.09859154929577464,45,98,27,98.0
greedy,"[[20,2,6]]",75,34,30,74,2308.0,242.0,13.9,45,27,1.6666666666666667,1.2592592592592593,False,3,True,0.5660377358490566,0.09859154929577464,45,98,27,98.0
greedy,"[[20,2,6]]",76,33,29,76,2296.0,212.0,24.9,45,27,1.6888888888888889,1.2222222222222223,False,3,True,0.5849056603773585,0.08450704225352113,45,98,27,98.0
greedy,"[[20,2,6]]",77,33,29,76,2296.0,245.0,31.4,45,27,1.711111111111111,1.2222222222222223,False,3,True,0.6037735849056604,0.08450704225352113,45,98,27,98.0
greedy,"[[20,2,6]]",78,33,29,76,2296.0,278.0,24.5,45,27,1.7333333333333334,1.2222222222222223,False,3,True,0.6226415094339622,0.08450704225352113,45,98,27,98.0
greedy,"[[20,2,6]]",79,33,29,76,2296.0,311.0,18.5,45,27,1.7555555555555555,1.2222222222222223,False,3,True,0.6415094339622641,0.08450704225352113,45,98,27,98.0
greedy,"[[20,2,6]]",80,32,28,80,2331.0,229.0,14.0,45,27,1.7777777777777777,1.1851851851851851,False,3,True,0.660377358490566,0.07042253521126761,45,98,27,98.0
greedy,"[[20,2,6]]",81,31,27,81,2243.0,268.0,22.9,45,27,1.8,1.1481481481481481,False,3,True,0.6792452830188679,0.056338028169014086,45,98,27,98.0
greedy,"[[20,2,6]]",82,31,27,81,2243.0,299.0,12.1,45,27,1.8222222222222222,1.1481481481481481,False,3,True,0.6981132075471698,0.056338028169014086,45,98,27,98.0
greedy,"[[20,2,6]]",83,31,27,81,2243.0,330.0,13.7,45,27,1.8444444444444446,1.1481481481481481,False,3,True,0.7169811320754716,0.056338028169014086,45,98,27,98.0
greedy,"[[20,2,6]]",84,31,27,81,2243.0,361.0,17.3,45,27,1.8666666666666667,1.1481481481481481,False,3,True,0.7358490566037735,0.056338028169014086,45,98,27,98.0
greedy,"[[20,2,6]]",85,30,26,85,2306.0,244.0,11.6,45,27,1.8888888888888888,1.1111111111111112,False,3,True,0.7547169811320755,0.04225352112676056,45,98,27,98.0
greedy,"[[20,2,6]]",86,30,26,86,2288.0,292.0,11.3,45,27,1.9111111111111112,1.1111111111111112,False,3,True,0.7735849056603774,0.04225352112676056,45,98,27,98.0
greedy,"[[20,2,6]]",87,30,26,86,2288.0,322.0,21.7,45,27,1.9333333333333333,1.1111111111111112,False,3,True,0.7924528301886793,0.04225352112676056,45,98,27,98.0
greedy,"[[20,2,6]]",88,29,25,88,2289.0,263.0,11.1,45,27,1.9555555555555555,1.0740740740740742,False,3,True,0.8113207547169812,0.028169014084507043,45,98,27,98.0
greedy,"[[20,2,6]]",89,29,25,88,2289.0,292.0,10.8,45,27,1.9777777777777779,1.0740740740740742,False,3,True,0.8301886792452831,0.028169014084507043,45,98,27,98.0
greedy,"[[20,2,6]]",90,29,25,88,2289.0,321.0,15.9,45,27,2.0,1.0740740740740742,False,3,True,0.8490566037735849,0.028169014084507043,45,98,27,98.0
greedy,"[[20,2,6]]",91,29,25,88,2289.0,350.0,10.6,45,27,2.022222222222222,1.0740740740740742,False,3,True,0.8679245283018868,0.028169014084507043,45,98,27,98.0
greedy,"[[20,2,6]]",92,29,25,88,2289.0,379.0,10.7,45,27,2.0444444444444443,1.0740740740740742,False,3,True,0.8867924528301887,0.028169014084507043,45,98,27,98.0
greedy,"[[20,2,6]]",93,28,24,93,2326.0,278.0,10.3,45,27,2.066666666666667,1.037037037037037,False,3,True,0.9056603773584906,0.014084507042253521,45,98,27,98.0
greedy,"[[20,2,6]]",94,28,24,93,2326.0,306.0,15.0,45,27,2.088888888888889,1.037037037037037,False,3,True,0.9245283018867925,0.014084507042253521,45,98,27,98.0
greedy,"[[20,2,6]]",95,28,24,95,2326.0,334.0,15.0,45,27,2.111111111111111,1.037037037037037,False,3,True,0.9433962264150944,0.014084507042253521,45,98,27,98.0
greedy,"[[20,2,6]]",96,28,24,95,2326.0,362.0,14.6,45,27,2.1333333333333333,1.037037037037037,False,3,True,0.9622641509433962,0.014084507042253521,45,98,27,98.0
greedy,"[[20,2,6]]",97,28,24,97,2304.0,412.0,18.4,45,27,2.1555555555555554,1.037037037037037,False,3,True,0.9811320754716981,0.014084507042253521,45,98,27,98.0
greedy,"[[20,2,6]]",98,27,23,98,2330.0,316.0,14.6,45,27,2.1777777777777776,1.0,False,3,True,1.0,0.0,45,98,27,98.0
greedy,"[[20,2,6]]",98,27,98,2349,297.0,14.3,,45,27,2.1777777777777776,1.0,False,3,True,1.0,0.0,45,98,27,98.0
greedy,"[[21,2,6]]",43,97,93,43,4100.0,71.0,56.1,43,28,1.0,3.4642857142857144,False,3,True,0.0,0.5830164765525971,43,98,28,146.35000000000022
greedy,"[[21,2,6]]",44,92,88,44,3952.0,96.0,79.6,43,28,1.0232558139534884,3.2857142857142856,False,3,True,0.01818181818181818,0.5407689057879161,43,98,28,146.35000000000022
greedy,"[[21,2,6]]",45,84,80,45,3702.0,78.0,48.5,43,28,1.0465116279069768,3.0,False,3,True,0.03636363636363636,0.4731727925644267,43,98,28,146.35000000000022
greedy,"[[21,2,6]]",46,81,77,46,3659.0,67.0,43.4,43,28,1.069767441860465,2.892857142857143,False,3,True,0.05454545454545454,0.4478242501056181,43,98,28,146.35000000000022
greedy,"[[21,2,6]]",47,75,71,47,3426.0,99.0,40.1,43,28,1.0930232558139534,2.6785714285714284,False,3,True,0.07272727272727272,0.39712716518800095,43,98,28,146.35000000000022
greedy,"[[21,2,6]]",48,70,66,48,3250.0,110.0,53.6,43,28,1.1162790697674418,2.5,False,3,True,0.09090909090909091,0.35487959442332,43,98,28,146.35000000000022
greedy,"[[21,2,6]]",49,66,62,49,3137.0,97.0,33.4,43,28,1.1395348837209303,2.357142857142857,False,3,True,0.10909090909090909,0.3210815378115752,43,98,28,146.35000000000022
greedy,"[[21,2,6]]",50,62,58,50,2992.0,108.0,30.4,43,28,1.1627906976744187,2.2142857142857144,False,3,True,0.12727272727272726,0.2872834811998305,43,98,28,146.35000000000022
greedy,"[[21,2,6]]",51,59,55,51,2919.0,90.0,29.6,43,28,1.186046511627907,2.107142857142857,False,3,True,0.14545454545454545,0.2619349387410219,43,98,28,146.35000000000022
greedy,"[[21,2,6]]",52,59,55,51,2919.0,149.0,30.2,43,28,1.2093023255813953,2.107142857142857,False,3,True,0.16363636363636364,0.2619349387410219,43,98,28,146.35000000000022
greedy,"[[21,2,6]]",53,58,54,53,2955.0,119.0,28.8,43,28,1.2325581395348837,2.0714285714285716,False,3,True,0.18181818181818182,0.2534854245880857,43,98,28,146.35000000000022
greedy,"[[21,2,6]]",54,55,51,54,2870.0,100.0,25.9,43,28,1.255813953488372,1.9642857142857142,False,3,True,0.2,0.22813688212927713,43,98,28,146.35000000000022
greedy,"[[21,2,6]]",55,53,49,55,2774.0,141.0,25.0,43,28,1.2790697674418605,1.8928571428571428,False,3,True,0.21818181818181817,0.21123785382340476,43,98,28,146.35000000000022
greedy,"[[21,2,6]]",56,50,46,56,2681.0,119.0,23.5,43,28,1.302325581395349,1.7857142857142858,False,3,True,0.23636363636363636,0.1858893113645962,43,98,28,146.35000000000022
greedy,"[[21,2,6]]",57,50,46,56,2681.0,169.0,23.3,43,28,1.3255813953488371,1.7857142857142858,False,3,True,0.2545454545454545,0.1858893113645962,43,98,28,146.35000000000022
greedy,"[[21,2,6]]",58,49,45,58,2671.0,171.0,22.0,43,28,1.3488372093023255,1.75,False,3,True,0.2727272727272727,0.17743979721166,43,98,28,146.35000000000022
greedy,"[[21,2,6]]",59,46,42,59,2566.0,148.0,20.7,43,28,1.372093023255814,1.6428571428571428,False,3,True,0.2909090909090909,0.15209125475285143,43,98,28,146.35000000000022
greedy,"[[21,2,6]]",60,45,41,60,2544.0,156.0,20.1,43,28,1.3953488372093024,1.6071428571428572,False,3,True,0.3090909090909091,0.14364174059991525,43,98,28,146.35000000000022
greedy,"[[21,2,6]]",61,45,41,60,2544.0,201.0,20.1,43,28,1.4186046511627908,1.6071428571428572,False,3,True,0.32727272727272727,0.14364174059991525,43,98,28,146.35000000000022
greedy,"[[21,2,6]]",62,45,41,60,2544.0,246.0,20.0,43,28,1.441860465116279,1.6071428571428572,False,3,True,0.34545454545454546,0.14364174059991525,43,98,28,146.35000000000022
greedy,"[[21,2,6]]",63,44,40,63,2563.0,209.0,19.3,43,28,1.4651162790697674,1.5714285714285714,False,3,True,0.36363636363636365,0.13519222644697904,43,98,28,146.35000000000022
greedy,"[[21,2,6]]",64,43,39,64,2543.0,209.0,18.7,43,28,1.4883720930232558,1.5357142857142858,False,3,True,0.38181818181818183,0.12674271229404285,43,98,28,146.35000000000022
greedy,"[[21,2,6]]",65,41,37,65,2474.0,191.0,18.1,43,28,1.5116279069767442,1.4642857142857142,False,3,True,0.4,0.10984368398817047,43,98,28,146.35000000000022
greedy,"[[21,2,6]]",66,41,37,65,2474.0,232.0,18.0,43,28,1.5348837209302326,1.4642857142857142,False,3,True,0.41818181818181815,0.10984368398817047,43,98,28,146.35000000000022
greedy,"[[21,2,6]]",67,40,36,67,2500.0,180.0,25.5,43,28,1.558139534883721,1.4285714285714286,False,3,True,0.43636363636363634,0.10139416983523429,43,98,28,146.35000000000022
greedy,"[[21,2,6]]",68,40,36,67,2500.0,220.0,24.8,43,28,1.5813953488372092,1.4285714285714286,False,3,True,0.45454545454545453,0.10139416983523429,43,98,28,146.35000000000022
greedy,"[[21,2,6]]",69,38,34,69,2415.0,207.0,16.0,43,28,1.6046511627906976,1.3571428571428572,False,3,True,0.4727272727272727,0.0844951415293619,43,98,28,146.35000000000022
greedy,"[[21,2,6]]",70,38,34,69,2415.0,245.0,16.2,43,28,1.627906976744186,1.3571428571428572,False,3,True,0.4909090909090909,0.0844951415293619,43,98,28,146.35000000000022
greedy,"[[21,2,6]]",71,38,34,69,2415.0,283.0,16.1,43,28,1.6511627906976745,1.3571428571428572,False,3,True,0.509090909090909,0.0844951415293619,43,98,28,146.35000000000022
greedy,"[[21,2,6]]",72,38,34,69,2415.0,321.0,15.8,43,28,1.6744186046511629,1.3571428571428572,False,3,True,0.5272727272727272,0.0844951415293619,43,98,28,146.35000000000022
greedy,"[[21,2,6]]",73,37,33,73,2474.0,227.0,15.7,43,28,1.697674418604651,1.3214285714285714,False,3,True,0.5454545454545454,0.07604562737642571,43,98,28,146.35000000000022
greedy,"[[21,2,6]]",74,37,33,73,2474.0,264.0,15.5,43,28,1.7209302325581395,1.3214285714285714,False,3,True,0.5636363636363636,0.07604562737642571,43,98,28,146.35000000000022
greedy,"[[21,2,6]]",75,36,32,75,2437.0,263.0,14.8,43,28,1.744186046511628,1.2857142857142858,False,3,True,0.5818181818181818,0.06759611322348952,43,98,28,146.35000000000022
greedy,"[[21,2,6]]",76,35,31,76,2432.0,228.0,14.5,43,28,1.7674418604651163,1.25,False,3,True,0.6,0.059146599070553335,43,98,28,146.35000000000022
greedy,"[[21,2,6]]",77,35,31,77,2426.0,269.0,14.3,43,28,1.7906976744186047,1.25,False,3,True,0.6181818181818182,0.059146599070553335,43,98,28,146.35000000000022
greedy,"[[21,2,6]]",78,35,31,77,2426.0,304.0,14.2,43,28,1.813953488372093,1.25,False,3,True,0.6363636363636364,0.059146599070553335,43,98,28,146.35000000000022
greedy,"[[21,2,6]]",79,34,30,79,2389.0,297.0,19.8,43,28,1.8372093023255813,1.2142857142857142,False,3,True,0.6545454545454545,0.050697084917617145,43,98,28,146.35000000000022
greedy,"[[21,2,6]]",80,33,29,80,2366.0,274.0,19.3,43,28,1.8604651162790697,1.1785714285714286,False,3,True,0.6727272727272727,0.04224757076468095,43,98,28,146.35000000000022
greedy,"[[21,2,6]]",81,33,29,80,2366.0,307.0,13.4,43,28,1.8837209302325582,1.1785714285714286,False,3,True,0.6909090909090909,0.04224757076468095,43,98,28,146.35000000000022
greedy,"[[21,2,6]]",82,33,29,80,2366.0,340.0,19.3,43,28,1.9069767441860466,1.1785714285714286,False,3,True,0.7090909090909091,0.04224757076468095,43,98,28,146.35000000000022
greedy,"[[21,2,6]]",83,32,28,83,2398.0,258.0,18.7,43,28,1.930232558139535,1.1428571428571428,False,3,True,0.7272727272727273,0.03379805661174476,43,98,28,146.35000000000022
greedy,"[[21,2,6]]",84,32,28,84,2386.0,302.0,12.7,43,28,1.9534883720930232,1.1428571428571428,False,3,True,0.7454545454545455,0.03379805661174476,43,98,28,146.35000000000022
greedy,"[[21,2,6]]",85,32,28,84,2386.0,334.0,18.6,43,28,1.9767441860465116,1.1428571428571428,False,3,True,0.7636363636363637,0.03379805661174476,43,98,28,146.35000000000022
greedy,"[[21,2,6]]",86,29,25,86,2328.0,166.0,18.3,43,28,2.0,1.0357142857142858,False,3,True,0.7818181818181819,0.00844951415293619,43,98,28,146.35000000000022
greedy,"[[21,2,6]]",87,29,25,86,2328.0,195.0,17.5,43,28,2.0232558139534884,1.0357142857142858,False,3,True,0.8,0.00844951415293619,43,98,28,146.35000000000022
greedy,"[[21,2,6]]",88,29,25,86,2328.0,224.0,17.4,43,28,2.046511627906977,1.0357142857142858,False,3,True,0.8181818181818182,0.00844951415293619,43,98,28,146.35000000000022
greedy,"[[21,2,6]]",89,29,25,86,2328.0,253.0,16.9,43,28,2.0697674418604652,1.0357142857142858,False,3,True,0.8363636363636363,0.00844951415293619,43,98,28,146.35000000000022
greedy,"[[21,2,6]]",90,29,25,86,2328.0,282.0,16.9,43,28,2.0930232558139537,1.0357142857142858,False,3,True,0.8545454545454545,0.00844951415293619,43,98,28,146.35000000000022
greedy,"[[21,2,6]]",91,29,25,86,2328.0,311.0,11.6,43,28,2.116279069767442,1.0357142857142858,False,3,True,0.8727272727272727,0.00844951415293619,43,98,28,146.35000000000022
greedy,"[[21,2,6]]",92,29,25,86,2328.0,340.0,11.4,43,28,2.13953488372093,1.0357142857142858,False,3,True,0.8909090909090909,0.00844951415293619,43,98,28,146.35000000000022
greedy,"[[21,2,6]]",93,29,25,86,2328.0,369.0,11.0,43,28,2.1627906976744184,1.0357142857142858,False,3,True,0.9090909090909091,0.00844951415293619,43,98,28,146.35000000000022
greedy,"[[21,2,6]]",94,29,25,86,2328.0,398.0,11.0,43,28,2.186046511627907,1.0357142857142858,False,3,True,0.9272727272727272,0.00844951415293619,43,98,28,146.35000000000022
greedy,"[[21,2,6]]",95,28,24,95,2331.0,329.0,10.9,43,28,2.2093023255813953,1.0,False,3,True,0.9454545454545454,0.0,43,98,28,146.35000000000022
greedy,"[[21,2,6]]",96,28,24,95,2331.0,357.0,10.7,43,28,2.2325581395348837,1.0,False,3,True,0.9636363636363636,0.0,43,98,28,146.35000000000022
greedy,"[[21,2,6]]",97,28,24,95,2331.0,385.0,15.4,43,28,2.255813953488372,1.0,False,3,True,0.9818181818181818,0.0,43,98,28,146.35000000000022
greedy,"[[21,2,6]]",98,28,24,95,2331.0,413.0,10.5,43,28,2.2790697674418605,1.0,False,3,True,1.0,0.0,43,98,28,146.35000000000022
greedy,"[[16,3,5]]",40,52,48,40,2006.0,74.0,36.7,40,23,1.0,2.260869565217391,False,3,True,0.0,0.8950617283950639,40,98,23,55.39999999999992
greedy,"[[16,3,5]]",41,51,47,41,1993.0,98.0,33.5,40,23,1.025,2.217391304347826,False,3,True,0.017241379310344827,0.8641975308641997,40,98,23,55.39999999999992
greedy,"[[16,3,5]]",42,48,45,42,1942.0,74.0,24.2,40,23,1.05,2.0869565217391304,False,3,True,0.034482758620689655,0.7716049382716068,40,98,23,55.39999999999992
greedy,"[[16,3,5]]",43,47,43,43,1937.0,84.0,23.1,40,23,1.075,2.0434782608695654,False,3,True,0.05172413793103448,0.7407407407407426,40,98,23,55.39999999999992
greedy,"[[16,3,5]]",44,44,40,44,1855.0,81.0,22.4,40,23,1.1,1.9130434782608696,False,3,True,0.06896551724137931,0.6481481481481497,40,98,23,55.39999999999992
greedy,"[[16,3,5]]",45,43,39,45,1848.0,87.0,27.3,40,23,1.125,1.8695652173913044,False,3,True,0.08620689655172414,0.6172839506172855,40,98,23,55.39999999999992
greedy,"[[16,3,5]]",46,41,37,46,1803.0,83.0,28.7,40,23,1.15,1.7826086956521738,False,3,True,0.10344827586206896,0.5555555555555569,40,98,23,55.39999999999992
greedy,"[[16,3,5]]",47,40,36,47,1770.0,110.0,19.0,40,23,1.175,1.7391304347826086,False,3,True,0.1206896551724138,0.5246913580246927,40,98,23,55.39999999999992
greedy,"[[16,3,5]]",48,40,36,47,1770.0,150.0,20.4,40,23,1.2,1.7391304347826086,False,3,True,0.13793103448275862,0.5246913580246927,40,98,23,55.39999999999992
greedy,"[[16,3,5]]",49,39,35,49,1804.0,107.0,18.1,40,23,1.225,1.6956521739130435,False,3,True,0.15517241379310345,0.49382716049382835,40,98,23,55.39999999999992
greedy,"[[16,3,5]]",50,37,33,50,1747.0,103.0,22.4,40,23,1.25,1.608695652173913,False,3,True,0.1724137931034483,0.43209876543209985,40,98,23,55.39999999999992
greedy,"[[16,3,5]]",51,37,33,50,1747.0,140.0,17.5,40,23,1.275,1.608695652173913,False,3,True,0.1896551724137931,0.43209876543209985,40,98,23,55.39999999999992
greedy,"[[16,3,5]]",52,36,32,52,1764.0,108.0,16.9,40,23,1.3,1.565217391304348,False,3,True,0.20689655172413793,0.4012345679012356,40,98,23,55.39999999999992
greedy,"[[16,3,5]]",53,36,32,52,1764.0,144.0,17.3,40,23,1.325,1.565217391304348,False,3,True,0.22413793103448276,0.4012345679012356,40,98,23,55.39999999999992
greedy,"[[16,3,5]]",54,35,31,54,1760.0,130.0,15.7,40,23,1.35,1.5217391304347827,False,3,True,0.2413793103448276,0.3703703703703713,40,98,23,55.39999999999992
greedy,"[[16,3,5]]",55,35,31,54,1760.0,165.0,16.3,40,23,1.375,1.5217391304347827,False,3,True,0.25862068965517243,0.3703703703703713,40,98,23,55.39999999999992
greedy,"[[16,3,5]]",56,34,30,56,1760.0,144.0,15.3,40,23,1.4,1.4782608695652173,False,3,True,0.27586206896551724,0.339506172839507,40,98,23,55.39999999999992
greedy,"[[16,3,5]]",57,34,30,56,1760.0,178.0,17.9,40,23,1.425,1.4782608695652173,False,3,True,0.29310344827586204,0.339506172839507,40,98,23,55.39999999999992
greedy,"[[16,3,5]]",58,34,30,56,1760.0,212.0,15.9,40,23,1.45,1.4782608695652173,False,3,True,0.3103448275862069,0.339506172839507,40,98,23,55.39999999999992
greedy,"[[16,3,5]]",59,32,28,59,1746.0,142.0,19.1,40,23,1.475,1.391304347826087,False,3,True,0.3275862068965517,0.27777777777777846,40,98,23,55.39999999999992
greedy,"[[16,3,5]]",60,32,28,60,1729.0,191.0,15.2,40,23,1.5,1.391304347826087,False,3,True,0.3448275862068966,0.27777777777777846,40,98,23,55.39999999999992
greedy,"[[16,3,5]]",61,31,27,61,1709.0,182.0,12.7,40,23,1.525,1.3478260869565217,False,3,True,0.3620689655172414,0.24691358024691418,40,98,23,55.39999999999992
greedy,"[[16,3,5]]",62,31,27,61,1709.0,213.0,13.3,40,23,1.55,1.3478260869565217,False,3,True,0.3793103448275862,0.24691358024691418,40,98,23,55.39999999999992
greedy,"[[16,3,5]]",63,30,26,63,1718.0,172.0,13.6,40,23,1.575,1.3043478260869565,False,3,True,0.39655172413793105,0.21604938271604993,40,98,23,55.39999999999992
greedy,"[[16,3,5]]",64,30,26,63,1718.0,202.0,12.4,40,23,1.6,1.3043478260869565,False,3,True,0.41379310344827586,0.21604938271604993,40,98,23,55.39999999999992
greedy,"[[16,3,5]]",65,30,26,63,1718.0,232.0,17.3,40,23,1.625,1.3043478260869565,False,3,True,0.43103448275862066,0.21604938271604993,40,98,23,55.39999999999992
greedy,"[[16,3,5]]",66,30,26,63,1718.0,262.0,13.3,40,23,1.65,1.3043478260869565,False,3,True,0.4482758620689655,0.21604938271604993,40,98,23,55.39999999999992
greedy,"[[16,3,5]]",67,30,26,63,1718.0,292.0,12.0,40,23,1.675,1.3043478260869565,False,3,True,0.46551724137931033,0.21604938271604993,40,98,23,55.39999999999992
greedy,"[[16,3,5]]",68,29,25,68,1755.0,217.0,13.0,40,23,1.7,1.2608695652173914,False,3,True,0.4827586206896552,0.18518518518518565,40,98,23,55.39999999999992
greedy,"[[16,3,5]]",69,29,25,69,1736.0,265.0,12.5,40,23,1.725,1.2608695652173914,False,3,True,0.5,0.18518518518518565,40,98,23,55.39999999999992
greedy,"[[16,3,5]]",70,29,25,69,1736.0,294.0,11.8,40,23,1.75,1.2608695652173914,False,3,True,0.5172413793103449,0.18518518518518565,40,98,23,55.39999999999992
greedy,"[[16,3,5]]",71,28,24,71,1786.0,202.0,14.6,40,23,1.775,1.2173913043478262,False,3,True,0.5344827586206896,0.15432098765432137,40,98,23,55.39999999999992
greedy,"[[16,3,5]]",72,28,24,71,1786.0,230.0,13.1,40,23,1.8,1.2173913043478262,False,3,True,0.5517241379310345,0.15432098765432137,40,98,23,55.39999999999992
greedy,"[[16,3,5]]",73,27,23,73,1786.0,185.0,15.7,40,23,1.825,1.173913043478261,False,3,True,0.5689655172413793,0.12345679012345709,40,98,23,55.39999999999992
greedy,"[[16,3,5]]",74,27,23,73,1786.0,212.0,14.3,40,23,1.85,1.173913043478261,False,3,True,0.5862068965517241,0.12345679012345709,40,98,23,55.39999999999992
greedy,"[[16,3,5]]",75,27,23,73,1786.0,239.0,12.2,40,23,1.875,1.173913043478261,False,3,True,0.603448275862069,0.12345679012345709,40,98,23,55.39999999999992
greedy,"[[16,3,5]]",76,27,23,73,1786.0,266.0,12.4,40,23,1.9,1.173913043478261,False,3,True,0.6206896551724138,0.12345679012345709,40,98,23,55.39999999999992
greedy,"[[16,3,5]]",77,27,23,73,1786.0,293.0,14.2,40,23,1.925,1.173913043478261,False,3,True,0.6379310344827587,0.12345679012345709,40,98,23,55.39999999999992
greedy,"[[16,3,5]]",78,27,23,73,1786.0,320.0,10.7,40,23,1.95,1.173913043478261,False,3,True,0.6551724137931034,0.12345679012345709,40,98,23,55.39999999999992
greedy,"[[16,3,5]]",79,27,23,73,1786.0,347.0,7.3,40,23,1.975,1.173913043478261,False,3,True,0.6724137931034483,0.12345679012345709,40,98,23,55.39999999999992
greedy,"[[16,3,5]]",80,27,23,73,1786.0,374.0,7.1,40,23,2.0,1.173913043478261,False,3,True,0.6896551724137931,0.12345679012345709,40,98,23,55.39999999999992
greedy,"[[16,3,5]]",81,26,22,81,1881.0,225.0,12.6,40,23,2.025,1.1304347826086956,False,3,True,0.7068965517241379,0.09259259259259282,40,98,23,55.39999999999992
greedy,"[[16,3,5]]",82,26,22,82,1881.0,251.0,10.2,40,23,2.05,1.1304347826086956,False,3,True,0.7241379310344828,0.09259259259259282,40,98,23,55.39999999999992
greedy,"[[16,3,5]]",83,26,22,82,1881.0,277.0,10.1,40,23,2.075,1.1304347826086956,False,3,True,0.7413793103448276,0.09259259259259282,40,98,23,55.39999999999992
greedy,"[[16,3,5]]",84,26,22,82,1881.0,303.0,10.9,40,23,2.1,1.1304347826086956,False,3,True,0.7586206896551724,0.09259259259259282,40,98,23,55.39999999999992
greedy,"[[16,3,5]]",85,26,22,82,1881.0,329.0,10.7,40,23,2.125,1.1304347826086956,False,3,True,0.7758620689655172,0.09259259259259282,40,98,23,55.39999999999992
greedy,"[[16,3,5]]",86,24,20,86,1859.0,205.0,12.5,40,23,2.15,1.0434782608695652,False,3,True,0.7931034482758621,0.030864197530864272,40,98,23,55.39999999999992
greedy,"[[16,3,5]]",87,24,20,86,1859.0,229.0,11.9,40,23,2.175,1.0434782608695652,False,3,True,0.8103448275862069,0.030864197530864272,40,98,23,55.39999999999992
greedy,"[[16,3,5]]",88,24,20,88,1856.0,256.0,12.0,40,23,2.2,1.0434782608695652,False,3,True,0.8275862068965517,0.030864197530864272,40,98,23,55.39999999999992
greedy,"[[16,3,5]]",89,24,20,88,1856.0,280.0,9.2,40,23,2.225,1.0434782608695652,False,3,True,0.8448275862068966,0.030864197530864272,40,98,23,55.39999999999992
greedy,"[[16,3,5]]",90,24,20,88,1856.0,304.0,8.6,40,23,2.25,1.0434782608695652,False,3,True,0.8620689655172413,0.030864197530864272,40,98,23,55.39999999999992
greedy,"[[16,3,5]]",91,23,19,91,1830.0,263.0,9.7,40,23,2.275,1.0,False,3,True,0.8793103448275862,0.0,40,98,23,55.39999999999992
greedy,"[[16,3,5]]",92,23,19,91,1830.0,286.0,8.7,40,23,2.3,1.0,False,3,True,0.896551724137931,0.0,40,98,23,55.39999999999992
greedy,"[[16,3,5]]",93,23,19,91,1830.0,309.0,8.5,40,23,2.325,1.0,False,3,True,0.9137931034482759,0.0,40,98,23,55.39999999999992
greedy,"[[16,3,5]]",94,23,19,91,1830.0,332.0,12.7,40,23,2.35,1.0,False,3,True,0.9310344827586207,0.0,40,98,23,55.39999999999992
greedy,"[[16,3,5]]",95,23,19,91,1830.0,355.0,11.9,40,23,2.375,1.0,False,3,True,0.9482758620689655,0.0,40,98,23,55.39999999999992
greedy,"[[16,3,5]]",96,23,19,91,1830.0,378.0,8.3,40,23,2.4,1.0,False,3,True,0.9655172413793104,0.0,40,98,23,55.39999999999992
greedy,"[[16,3,5]]",97,23,19,91,1830.0,401.0,10.9,40,23,2.425,1.0,False,3,True,0.9827586206896551,0.0,40,98,23,55.39999999999992
greedy,"[[16,3,5]]",98,23,19,91,1830.0,424.0,10.8,40,23,2.45,1.0,False,3,True,1.0,0.0,40,98,23,55.39999999999992
greedy,"[[19,2,6]]",41,97,93,41,3873.0,104.0,119.2,41,27,1.0,3.5925925925925926,False,3,True,0.0,0.7608695652173914,41,98,27,119.0
greedy,"[[19,2,6]]",42,88,84,42,3617.0,79.0,67.2,41,27,1.024390243902439,3.259259259259259,False,3,True,0.017543859649122806,0.6630434782608695,41,98,27,119.0
greedy,"[[19,2,6]]",43,81,77,43,3394.0,89.0,74.4,41,27,1.048780487804878,3.0,False,3,True,0.03508771929824561,0.5869565217391305,41,98,27,119.0
greedy,"[[19,2,6]]",44,73,69,44,3127.0,85.0,66.2,41,27,1.0731707317073171,2.7037037037037037,False,3,True,0.05263157894736842,0.5,41,98,27,119.0
greedy,"[[19,2,6]]",45,69,65,45,2991.0,114.0,60.9,41,27,1.0975609756097562,2.5555555555555554,False,3,True,0.07017543859649122,0.45652173913043476,41,98,27,119.0
greedy,"[[19,2,6]]",46,67,63,46,2965.0,117.0,69.9,41,27,1.1219512195121952,2.4814814814814814,False,3,True,0.08771929824561403,0.43478260869565216,41,98,27,119.0
greedy,"[[19,2,6]]",47,64,60,47,2906.0,102.0,43.5,41,27,1.146341463414634,2.3703703703703702,False,3,True,0.10526315789473684,0.40217391304347827,41,98,27,119.0
greedy,"[[19,2,6]]",48,59,55,48,2726.0,106.0,39.2,41,27,1.170731707317073,2.185185185185185,False,3,True,0.12280701754385964,0.34782608695652173,41,98,27,119.0
greedy,"[[19,2,6]]",49,56,52,49,2649.0,95.0,29.0,41,27,1.1951219512195121,2.074074074074074,False,3,True,0.14035087719298245,0.31521739130434784,41,98,27,119.0
greedy,"[[19,2,6]]",50,54,50,50,2616.0,84.0,35.7,41,27,1.2195121951219512,2.0,False,3,True,0.15789473684210525,0.29347826086956524,41,98,27,119.0
greedy,"[[19,2,6]]",51,53,49,51,2551.0,152.0,23.4,41,27,1.2439024390243902,1.962962962962963,False,3,True,0.17543859649122806,0.2826086956521739,41,98,27,119.0
greedy,"[[19,2,6]]",52,51,47,52,2542.0,110.0,21.9,41,27,1.2682926829268293,1.8888888888888888,False,3,True,0.19298245614035087,0.2608695652173913,41,98,27,119.0
greedy,"[[19,2,6]]",53,49,45,53,2477.0,120.0,32.6,41,27,1.2926829268292683,1.8148148148148149,False,3,True,0.21052631578947367,0.2391304347826087,41,98,27,119.0
greedy,"[[19,2,6]]",54,47,43,54,2434.0,104.0,42.2,41,27,1.3170731707317074,1.7407407407407407,False,3,True,0.22807017543859648,0.21739130434782608,41,98,27,119.0
greedy,"[[19,2,6]]",55,46,42,55,2431.0,99.0,32.4,41,27,1.3414634146341464,1.7037037037037037,False,3,True,0.24561403508771928,0.20652173913043478,41,98,27,119.0
greedy,"[[19,2,6]]",56,46,42,55,2431.0,145.0,35.0,41,27,1.3658536585365855,1.7037037037037037,False,3,True,0.2631578947368421,0.20652173913043478,41,98,27,119.0
greedy,"[[19,2,6]]",57,43,39,57,2329.0,122.0,28.3,41,27,1.3902439024390243,1.5925925925925926,False,3,True,0.2807017543859649,0.17391304347826086,41,98,27,119.0
greedy,"[[19,2,6]]",58,43,39,57,2329.0,165.0,27.8,41,27,1.4146341463414633,1.5925925925925926,False,3,True,0.2982456140350877,0.17391304347826086,41,98,27,119.0
greedy,"[[19,2,6]]",59,43,39,57,2329.0,208.0,28.4,41,27,1.4390243902439024,1.5925925925925926,False,3,True,0.3157894736842105,0.17391304347826086,41,98,27,119.0
greedy,"[[19,2,6]]",60,42,38,60,2412.0,108.0,20.0,41,27,1.4634146341463414,1.5555555555555556,False,3,True,0.3333333333333333,0.16304347826086957,41,98,27,119.0
greedy,"[[19,2,6]]",61,42,38,61,2392.0,170.0,28.0,41,27,1.4878048780487805,1.5555555555555556,False,3,True,0.3508771929824561,0.16304347826086957,41,98,27,119.0
greedy,"[[19,2,6]]",62,40,36,62,2329.0,151.0,25.2,41,27,1.5121951219512195,1.4814814814814814,False,3,True,0.3684210526315789,0.14130434782608695,41,98,27,119.0
greedy,"[[19,2,6]]",63,40,36,62,2329.0,191.0,31.5,41,27,1.5365853658536586,1.4814814814814814,False,3,True,0.38596491228070173,0.14130434782608695,41,98,27,119.0
greedy,"[[19,2,6]]",64,39,35,64,2345.0,151.0,24.5,41,27,1.5609756097560976,1.4444444444444444,False,3,True,0.40350877192982454,0.13043478260869565,41,98,27,119.0
greedy,"[[19,2,6]]",65,39,35,64,2345.0,190.0,15.3,41,27,1.5853658536585367,1.4444444444444444,False,3,True,0.42105263157894735,0.13043478260869565,41,98,27,119.0
greedy,"[[19,2,6]]",66,38,34,66,2310.0,198.0,28.8,41,27,1.6097560975609757,1.4074074074074074,False,3,True,0.43859649122807015,0.11956521739130435,41,98,27,119.0
greedy,"[[19,2,6]]",67,38,34,66,2310.0,236.0,21.8,41,27,1.6341463414634145,1.4074074074074074,False,3,True,0.45614035087719296,0.11956521739130435,41,98,27,119.0
greedy,"[[19,2,6]]",68,37,33,68,2384.0,132.0,29.1,41,27,1.6585365853658536,1.3703703703703705,False,3,True,0.47368421052631576,0.10869565217391304,41,98,27,119.0
greedy,"[[19,2,6]]",69,36,32,69,2305.0,179.0,22.1,41,27,1.6829268292682926,1.3333333333333333,False,3,True,0.49122807017543857,0.09782608695652174,41,98,27,119.0
greedy,"[[19,2,6]]",70,35,31,70,2267.0,183.0,14.0,41,27,1.7073170731707317,1.2962962962962963,False,3,True,0.5087719298245614,0.08695652173913043,41,98,27,119.0
greedy,"[[19,2,6]]",71,35,31,70,2267.0,218.0,21.6,41,27,1.7317073170731707,1.2962962962962963,False,3,True,0.5263157894736842,0.08695652173913043,41,98,27,119.0
greedy,"[[19,2,6]]",72,34,30,72,2246.0,202.0,19.4,41,27,1.7560975609756098,1.2592592592592593,False,3,True,0.543859649122807,0.07608695652173914,41,98,27,119.0
greedy,"[[19,2,6]]",73,34,30,72,2246.0,236.0,19.3,41,27,1.7804878048780488,1.2592592592592593,False,3,True,0.5614035087719298,0.07608695652173914,41,98,27,119.0
greedy,"[[19,2,6]]",74,33,29,74,2257.0,185.0,13.2,41,27,1.8048780487804879,1.2222222222222223,False,3,True,0.5789473684210527,0.06521739130434782,41,98,27,119.0
greedy,"[[19,2,6]]",75,33,29,74,2257.0,218.0,28.2,41,27,1.829268292682927,1.2222222222222223,False,3,True,0.5964912280701754,0.06521739130434782,41,98,27,119.0
greedy,"[[19,2,6]]",76,33,29,74,2257.0,251.0,19.3,41,27,1.853658536585366,1.2222222222222223,False,3,True,0.6140350877192983,0.06521739130434782,41,98,27,119.0
greedy,"[[19,2,6]]",77,33,29,74,2257.0,284.0,26.1,41,27,1.8780487804878048,1.2222222222222223,False,3,True,0.631578947368421,0.06521739130434782,41,98,27,119.0
greedy,"[[19,2,6]]",78,33,29,74,2257.0,317.0,12.6,41,27,1.9024390243902438,1.2222222222222223,False,3,True,0.6491228070175439,0.06521739130434782,41,98,27,119.0
greedy,"[[19,2,6]]",79,32,28,79,2314.0,214.0,12.4,41,27,1.9268292682926829,1.1851851851851851,False,3,True,0.6666666666666666,0.05434782608695652,41,98,27,119.0
greedy,"[[19,2,6]]",80,32,28,79,2314.0,246.0,12.3,41,27,1.951219512195122,1.1851851851851851,False,3,True,0.6842105263157895,0.05434782608695652,41,98,27,119.0
greedy,"[[19,2,6]]",81,32,28,79,2314.0,278.0,17.6,41,27,1.975609756097561,1.1851851851851851,False,3,True,0.7017543859649122,0.05434782608695652,41,98,27,119.0
greedy,"[[19,2,6]]",82,31,27,82,2322.0,220.0,16.7,41,27,2.0,1.1481481481481481,False,3,True,0.7192982456140351,0.043478260869565216,41,98,27,119.0
greedy,"[[19,2,6]]",83,30,26,83,2303.0,187.0,22.7,41,27,2.024390243902439,1.1111111111111112,False,3,True,0.7368421052631579,0.03260869565217391,41,98,27,119.0
greedy,"[[19,2,6]]",84,30,26,83,2303.0,217.0,11.3,41,27,2.048780487804878,1.1111111111111112,False,3,True,0.7543859649122807,0.03260869565217391,41,98,27,119.0
greedy,"[[19,2,6]]",85,30,26,83,2303.0,247.0,21.0,41,27,2.073170731707317,1.1111111111111112,False,3,True,0.7719298245614035,0.03260869565217391,41,98,27,119.0
greedy,"[[19,2,6]]",86,29,25,86,2284.0,210.0,20.6,41,27,2.097560975609756,1.0740740740740742,False,3,True,0.7894736842105263,0.021739130434782608,41,98,27,119.0
greedy,"[[19,2,6]]",87,29,25,86,2284.0,239.0,17.2,41,27,2.1219512195121952,1.0740740740740742,False,3,True,0.8070175438596491,0.021739130434782608,41,98,27,119.0
greedy,"[[19,2,6]]",88,29,25,86,2284.0,268.0,11.0,41,27,2.1463414634146343,1.0740740740740742,False,3,True,0.8245614035087719,0.021739130434782608,41,98,27,119.0
greedy,"[[19,2,6]]",89,29,25,86,2284.0,297.0,15.9,41,27,2.1707317073170733,1.0740740740740742,False,3,True,0.8421052631578947,0.021739130434782608,41,98,27,119.0
greedy,"[[19,2,6]]",90,29,25,86,2284.0,326.0,16.4,41,27,2.1951219512195124,1.0740740740740742,False,3,True,0.8596491228070176,0.021739130434782608,41,98,27,119.0
greedy,"[[19,2,6]]",91,29,25,86,2284.0,355.0,14.7,41,27,2.2195121951219514,1.0740740740740742,False,3,True,0.8771929824561403,0.021739130434782608,41,98,27,119.0
greedy,"[[19,2,6]]",92,28,24,92,2285.0,291.0,9.8,41,27,2.2439024390243905,1.037037037037037,False,3,True,0.8947368421052632,0.010869565217391304,41,98,27,119.0
greedy,"[[19,2,6]]",93,28,24,92,2285.0,319.0,15.3,41,27,2.268292682926829,1.037037037037037,False,3,True,0.9122807017543859,0.010869565217391304,41,98,27,119.0
greedy,"[[19,2,6]]",94,28,24,92,2285.0,347.0,9.7,41,27,2.292682926829268,1.037037037037037,False,3,True,0.9298245614035088,0.010869565217391304,41,98,27,119.0
greedy,"[[19,2,6]]",95,27,23,95,2272.0,293.0,9.5,41,27,2.317073170731707,1.0,False,3,True,0.9473684210526315,0.0,41,98,27,119.0
greedy,"[[19,2,6]]",96,27,23,95,2272.0,320.0,9.6,41,27,2.341463414634146,1.0,False,3,True,0.9649122807017544,0.0,41,98,27,119.0
greedy,"[[19,2,6]]",97,27,23,95,2272.0,347.0,14.2,41,27,2.3658536585365852,1.0,False,3,True,0.9824561403508771,0.0,41,98,27,119.0
greedy,"[[19,2,6]]",98,27,23,95,2272.0,374.0,12.3,41,27,2.3902439024390243,1.0,False,3,True,1.0,0.0,41,98,27,119.0
annealed,"[[21,2,6]]",43,97,93,43,4100.0,71.0,103.6,43,28,1.0,3.4642857142857144,False,3,True,0.0,0.5830164765525971,43,98,28,146.35000000000022
annealed,"[[21,2,6]]",44,97,93,43,4100.0,168.0,48.1,43,28,1.0232558139534884,3.4642857142857144,False,3,True,0.01818181818181818,0.5830164765525971,43,98,28,146.35000000000022
annealed,"[[21,2,6]]",45,97,93,43,4100.0,265.0,46.8,43,28,1.0465116279069768,3.4642857142857144,False,3,True,0.03636363636363636,0.5830164765525971,43,98,28,146.35000000000022
annealed,"[[21,2,6]]",46,97,93,43,4100.0,362.0,46.1,43,28,1.069767441860465,3.4642857142857144,False,3,True,0.05454545454545454,0.5830164765525971,43,98,28,146.35000000000022
annealed,"[[21,2,6]]",47,94,90,47,4255.0,163.0,45.7,43,28,1.0930232558139534,3.357142857142857,False,3,True,0.07272727272727272,0.5576679340937886,43,98,28,146.35000000000022
annealed,"[[21,2,6]]",48,92,88,48,4245.0,171.0,45.5,43,28,1.1162790697674418,3.2857142857142856,False,3,True,0.09090909090909091,0.5407689057879161,43,98,28,146.35000000000022
annealed,"[[21,2,6]]",49,86,82,49,4026.0,188.0,45.2,43,28,1.1395348837209303,3.0714285714285716,False,3,True,0.10909090909090909,0.49007182087029905,43,98,28,146.35000000000022
annealed,"[[21,2,6]]",50,86,82,49,4026.0,274.0,45.1,43,28,1.1627906976744187,3.0714285714285716,False,3,True,0.12727272727272726,0.49007182087029905,43,98,28,146.35000000000022
annealed,"[[21,2,6]]",51,84,80,51,4090.0,194.0,45.4,43,28,1.186046511627907,3.0,False,3,True,0.14545454545454545,0.4731727925644267,43,98,28,146.35000000000022
annealed,"[[21,2,6]]",52,83,79,52,4111.0,205.0,45.3,43,28,1.2093023255813953,2.9642857142857144,False,3,True,0.16363636363636364,0.46472327841149047,43,98,28,146.35000000000022
annealed,"[[21,2,6]]",53,80,76,53,4008.0,232.0,47.5,43,28,1.2325581395348837,2.857142857142857,False,3,True,0.18181818181818182,0.4393747359526819,43,98,28,146.35000000000022
annealed,"[[21,2,6]]",54,78,74,54,4033.0,179.0,49.0,43,28,1.255813953488372,2.7857142857142856,False,3,True,0.2,0.42247570764680953,43,98,28,146.35000000000022
annealed,"[[21,2,6]]",55,70,67,55,3628.0,222.0,46.6,43,28,1.2790697674418605,2.5,False,3,True,0.21818181818181817,0.35487959442332,43,98,28,146.35000000000022
annealed,"[[21,2,6]]",56,70,67,55,3628.0,292.0,45.8,43,28,1.302325581395349,2.5,False,3,True,0.23636363636363636,0.35487959442332,43,98,28,146.35000000000022
annealed,"[[21,2,6]]",57,70,67,55,3628.0,362.0,46.4,43,28,1.3255813953488371,2.5,False,3,True,0.2545454545454545,0.35487959442332,43,98,28,146.35000000000022
annealed,"[[21,2,6]]",58,70,67,55,3628.0,432.0,45.5,43,28,1.3488372093023255,2.5,False,3,True,0.2727272727272727,0.35487959442332,43,98,28,146.35000000000022
annealed,"[[21,2,6]]",59,68,64,59,3814.0,198.0,45.7,43,28,1.372093023255814,2.4285714285714284,False,3,True,0.2909090909090909,0.3379805661174476,43,98,28,146.35000000000022
annealed,"[[21,2,6]]",60,68,64,59,3814.0,266.0,45.1,43,28,1.3953488372093024,2.4285714285714284,False,3,True,0.3090909090909091,0.3379805661174476,43,98,28,146.35000000000022
annealed,"[[21,2,6]]",61,63,60,61,3574.0,269.0,45.7,43,28,1.4186046511627908,2.25,False,3,True,0.32727272727272727,0.29573299535276665,43,98,28,146.35000000000022
annealed,"[[21,2,6]]",62,63,60,61,3574.0,332.0,45.6,43,28,1.441860465116279,2.25,False,3,True,0.34545454545454546,0.29573299535276665,43,98,28,146.35000000000022
annealed,"[[21,2,6]]",63,63,60,61,3574.0,395.0,45.7,43,28,1.4651162790697674,2.25,False,3,True,0.36363636363636365,0.29573299535276665,43,98,28,146.35000000000022
annealed,"[[21,2,6]]",64,60,56,64,3565.0,275.0,45.6,43,28,1.4883720930232558,2.142857142857143,False,3,True,0.38181818181818183,0.27038445289395807,43,98,28,146.35000000000022
annealed,"[[21,2,6]]",65,60,56,64,3565.0,335.0,45.3,43,28,1.5116279069767442,2.142857142857143,False,3,True,0.4,0.27038445289395807,43,98,28,146.35000000000022
annealed,"[[21,2,6]]",66,60,56,64,3565.0,395.0,45.4,43,28,1.5348837209302326,2.142857142857143,False,3,True,0.41818181818181815,0.27038445289395807,43,98,28,146.35000000000022
annealed,"[[21,2,6]]",67,60,56,64,3565.0,455.0,46.3,43,28,1.558139534883721,2.142857142857143,False,3,True,0.43636363636363634,0.27038445289395807,43,98,28,146.35000000000022
annealed,"[[21,2,6]]",68,58,54,68,3481.0,463.0,45.6,43,28,1.5813953488372092,2.0714285714285716,False,3,True,0.45454545454545453,0.2534854245880857,43,98,28,146.35000000000022
annealed,"[[21,2,6]]",69,57,54,69,3633.0,300.0,48.7,43,28,1.6046511627906976,2.0357142857142856,False,3,True,0.4727272727272727,0.24503591043514952,43,98,28,146.35000000000022
annealed,"[[21,2,6]]",70,57,54,69,3633.0,357.0,46.0,43,28,1.627906976744186,2.0357142857142856,False,3,True,0.4909090909090909,0.24503591043514952,43,98,28,146.35000000000022
annealed,"[[21,2,6]]",71,57,54,69,3633.0,414.0,45.8,43,28,1.6511627906976745,2.0357142857142856,False,3,True,0.509090909090909,0.24503591043514952,43,98,28,146.35000000000022
annealed,"[[21,2,6]]",72,55,51,72,3653.0,307.0,46.0,43,28,1.6744186046511629,1.9642857142857142,False,3,True,0.5272727272727272,0.22813688212927713,43,98,28,146.35000000000022
annealed,"[[21,2,6]]",73,55,51,72,3653.0,362.0,46.9,43,28,1.697674418604651,1.9642857142857142,False,3,True,0.5454545454545454,0.22813688212927713,43,98,28,146.35000000000022
annealed,"[[21,2,6]]",74,53,49,74,3647.0,275.0,46.7,43,28,1.7209302325581395,1.8928571428571428,False,3,True,0.5636363636363636,0.21123785382340476,43,98,28,146.35000000000022
annealed,"[[21,2,6]]",75,53,49,74,3647.0,328.0,47.9,43,28,1.744186046511628,1.8928571428571428,False,3,True,0.5818181818181818,0.21123785382340476,43,98,28,146.35000000000022
annealed,"[[21,2,6]]",76,53,49,74,3647.0,381.0,45.1,43,28,1.7674418604651163,1.8928571428571428,False,3,True,0.6,0.21123785382340476,43,98,28,146.35000000000022
annealed,"[[21,2,6]]",77,52,49,77,3641.0,363.0,44.9,43,28,1.7906976744186047,1.8571428571428572,False,3,True,0.6181818181818182,0.20278833967046858,43,98,28,146.35000000000022
annealed,"[[21,2,6]]",78,52,49,78,3625.0,431.0,45.1,43,28,1.813953488372093,1.8571428571428572,False,3,True,0.6363636363636364,0.20278833967046858,43,98,28,146.35000000000022
annealed,"[[21,2,6]]",79,52,49,78,3625.0,483.0,44.8,43,28,1.8372093023255813,1.8571428571428572,False,3,True,0.6545454545454545,0.20278833967046858,43,98,28,146.35000000000022
annealed,"[[21,2,6]]",80,52,49,78,3625.0,535.0,44.6,43,28,1.8604651162790697,1.8571428571428572,False,3,True,0.6727272727272727,0.20278833967046858,43,98,28,146.35000000000022
annealed,"[[21,2,6]]",81,51,47,81,3858.0,273.0,44.6,43,28,1.8837209302325582,1.8214285714285714,False,3,True,0.6909090909090909,0.19433882551753237,43,98,28,146.35000000000022
annealed,"[[21,2,6]]",82,51,47,81,3858.0,324.0,44.7,43,28,1.9069767441860466,1.8214285714285714,False,3,True,0.7090909090909091,0.19433882551753237,43,98,28,146.35000000000022
annealed,"[[21,2,6]]",83,51,47,81,3858.0,375.0,44.3,43,28,1.930232558139535,1.8214285714285714,False,3,True,0.7272727272727273,0.19433882551753237,43,98,28,146.35000000000022
annealed,"[[21,2,6]]",84,51,47,84,3855.0,429.0,44.8,43,28,1.9534883720930232,1.8214285714285714,False,3,True,0.7454545454545455,0.19433882551753237,43,98,28,146.35000000000022
annealed,"[[21,2,6]]",85,50,46,85,3886.0,364.0,44.9,43,28,1.9767441860465116,1.7857142857142858,False,3,True,0.7636363636363637,0.1858893113645962,43,98,28,146.35000000000022
annealed,"[[21,2,6]]",86,50,46,85,3886.0,414.0,44.7,43,28,2.0,1.7857142857142858,False,3,True,0.7818181818181819,0.1858893113645962,43,98,28,146.35000000000022
annealed,"[[21,2,6]]",87,50,46,85,3886.0,464.0,44.6,43,28,2.0232558139534884,1.7857142857142858,False,3,True,0.8,0.1858893113645962,43,98,28,146.35000000000022
annealed,"[[21,2,6]]",88,48,44,88,3899.0,325.0,44.6,43,28,2.046511627906977,1.7142857142857142,False,3,True,0.8181818181818182,0.1689902830587238,43,98,28,146.35000000000022
annealed,"[[21,2,6]]",89,45,41,89,3709.0,296.0,45.1,43,28,2.0697674418604652,1.6071428571428572,False,3,True,0.8363636363636363,0.14364174059991525,43,98,28,146.35000000000022
annealed,"[[21,2,6]]",90,45,41,89,3709.0,341.0,46.9,43,28,2.0930232558139537,1.6071428571428572,False,3,True,0.8545454545454545,0.14364174059991525,43,98,28,146.35000000000022
annealed,"[[21,2,6]]",91,45,41,89,3709.0,386.0,45.9,43,28,2.116279069767442,1.6071428571428572,False,3,True,0.8727272727272727,0.14364174059991525,43,98,28,146.35000000000022
annealed,"[[21,2,6]]",92,45,41,89,3709.0,431.0,44.6,43,28,2.13953488372093,1.6071428571428572,False,3,True,0.8909090909090909,0.14364174059991525,43,98,28,146.35000000000022
annealed,"[[21,2,6]]",93,45,41,89,3709.0,476.0,46.0,43,28,2.1627906976744184,1.6071428571428572,False,3,True,0.9090909090909091,0.14364174059991525,43,98,28,146.35000000000022
annealed,"[[21,2,6]]",94,45,41,89,3709.0,521.0,47.7,43,28,2.186046511627907,1.6071428571428572,False,3,True,0.9272727272727272,0.14364174059991525,43,98,28,146.35000000000022
annealed,"[[21,2,6]]",95,45,41,89,3709.0,566.0,45.8,43,28,2.2093023255813953,1.6071428571428572,False,3,True,0.9454545454545454,0.14364174059991525,43,98,28,146.35000000000022
annealed,"[[21,2,6]]",96,44,40,96,3873.0,351.0,46.4,43,28,2.2325581395348837,1.5714285714285714,False,3,True,0.9636363636363636,0.13519222644697904,43,98,28,146.35000000000022
annealed,"[[21,2,6]]",97,44,40,96,3873.0,395.0,45.2,43,28,2.255813953488372,1.5714285714285714,False,3,True,0.9818181818181818,0.13519222644697904,43,98,28,146.35000000000022
annealed,"[[21,2,6]]",98,43,39,98,3883.0,331.0,45.0,43,28,2.2790697674418605,1.5357142857142858,False,3,True,1.0,0.12674271229404285,43,98,28,146.35000000000022
annealed,"[[20,2,6]]",45,85,81,45,3704.0,121.0,93.8,45,27,1.0,3.1481481481481484,False,3,True,0.0,0.8169014084507042,45,98,27,98.0
annealed,"[[20,2,6]]",46,84,80,46,3676.0,188.0,46.5,45,27,1.0222222222222221,3.111111111111111,False,3,True,0.018867924528301886,0.8028169014084507,45,98,27,98.0
annealed,"[[20,2,6]]",47,84,80,46,3676.0,272.0,47.1,45,27,1.0444444444444445,3.111111111111111,False,3,True,0.03773584905660377,0.8028169014084507,45,98,27,98.0
annealed,"[[20,2,6]]",48,84,80,46,3676.0,356.0,45.7,45,27,1.0666666666666667,3.111111111111111,False,3,True,0.05660377358490566,0.8028169014084507,45,98,27,98.0
annealed,"[[20,2,6]]",49,84,80,46,3676.0,440.0,45.2,45,27,1.0888888888888888,3.111111111111111,False,3,True,0.07547169811320754,0.8028169014084507,45,98,27,98.0
annealed,"[[20,2,6]]",50,82,78,50,3941.0,159.0,45.0,45,27,1.1111111111111112,3.037037037037037,False,3,True,0.09433962264150944,0.7746478873239436,45,98,27,98.0
annealed,"[[20,2,6]]",51,82,78,50,3941.0,241.0,46.0,45,27,1.1333333333333333,3.037037037037037,False,3,True,0.11320754716981132,0.7746478873239436,45,98,27,98.0
annealed,"[[20,2,6]]",52,77,73,52,3777.0,227.0,45.9,45,27,1.1555555555555554,2.8518518518518516,False,3,True,0.1320754716981132,0.704225352112676,45,98,27,98.0
annealed,"[[20,2,6]]",53,77,73,52,3777.0,304.0,45.4,45,27,1.1777777777777778,2.8518518518518516,False,3,True,0.1509433962264151,0.704225352112676,45,98,27,98.0
annealed,"[[20,2,6]]",54,77,73,52,3777.0,381.0,44.5,45,27,1.2,2.8518518518518516,False,3,True,0.16981132075471697,0.704225352112676,45,98,27,98.0
annealed,"[[20,2,6]]",55,73,69,55,3765.0,250.0,45.3,45,27,1.2222222222222223,2.7037037037037037,False,3,True,0.18867924528301888,0.647887323943662,45,98,27,98.0
annealed,"[[20,2,6]]",56,72,68,56,3792.0,240.0,46.4,45,27,1.2444444444444445,2.6666666666666665,False,3,True,0.20754716981132076,0.6338028169014085,45,98,27,98.0
annealed,"[[20,2,6]]",57,72,68,56,3788.0,316.0,46.8,45,27,1.2666666666666666,2.6666666666666665,False,3,True,0.22641509433962265,0.6338028169014085,45,98,27,98.0
annealed,"[[20,2,6]]",58,64,61,58,3540.0,172.0,46.9,45,27,1.288888888888889,2.3703703703703702,False,3,True,0.24528301886792453,0.5211267605633803,45,98,27,98.0
annealed,"[[20,2,6]]",59,64,61,58,3540.0,236.0,45.6,45,27,1.3111111111111111,2.3703703703703702,False,3,True,0.2641509433962264,0.5211267605633803,45,98,27,98.0
annealed,"[[20,2,6]]",60,64,61,58,3540.0,300.0,46.3,45,27,1.3333333333333333,2.3703703703703702,False,3,True,0.2830188679245283,0.5211267605633803,45,98,27,98.0
annealed,"[[20,2,6]]",61,64,61,58,3540.0,364.0,45.5,45,27,1.3555555555555556,2.3703703703703702,False,3,True,0.3018867924528302,0.5211267605633803,45,98,27,98.0
annealed,"[[20,2,6]]",62,64,61,58,3540.0,428.0,46.6,45,27,1.3777777777777778,2.3703703703703702,False,3,True,0.32075471698113206,0.5211267605633803,45,98,27,98.0
annealed,"[[20,2,6]]",63,64,61,58,3540.0,492.0,45.6,45,27,1.4,2.3703703703703702,False,3,True,0.33962264150943394,0.5211267605633803,45,98,27,98.0
annealed,"[[20,2,6]]",64,63,59,64,3760.0,272.0,45.8,45,27,1.4222222222222223,2.3333333333333335,False,3,True,0.3584905660377358,0.5070422535211268,45,98,27,98.0
annealed,"[[20,2,6]]",65,63,59,64,3760.0,335.0,46.3,45,27,1.4444444444444444,2.3333333333333335,False,3,True,0.37735849056603776,0.5070422535211268,45,98,27,98.0
annealed,"[[20,2,6]]",66,61,58,66,3831.0,195.0,49.9,45,27,1.4666666666666666,2.259259259259259,False,3,True,0.39622641509433965,0.4788732394366197,45,98,27,98.0
annealed,"[[20,2,6]]",67,57,53,67,3578.0,241.0,45.0,45,27,1.488888888888889,2.111111111111111,False,3,True,0.41509433962264153,0.4225352112676056,45,98,27,98.0
annealed,"[[20,2,6]]",68,57,53,67,3578.0,298.0,45.5,45,27,1.511111111111111,2.111111111111111,False,3,True,0.4339622641509434,0.4225352112676056,45,98,27,98.0
annealed,"[[20,2,6]]",69,57,53,67,3578.0,355.0,46.5,45,27,1.5333333333333334,2.111111111111111,False,3,True,0.4528301886792453,0.4225352112676056,45,98,27,98.0
annealed,"[[20,2,6]]",70,55,51,70,3577.0,273.0,46.2,45,27,1.5555555555555556,2.037037037037037,False,3,True,0.4716981132075472,0.39436619718309857,45,98,27,98.0
annealed,"[[20,2,6]]",71,55,51,70,3577.0,328.0,51.7,45,27,1.5777777777777777,2.037037037037037,False,3,True,0.49056603773584906,0.39436619718309857,45,98,27,98.0
annealed,"[[20,2,6]]",72,55,51,70,3577.0,383.0,69.9,45,27,1.6,2.037037037037037,False,3,True,0.5094339622641509,0.39436619718309857,45,98,27,98.0
annealed,"[[20,2,6]]",73,55,51,70,3577.0,438.0,54.6,45,27,1.6222222222222222,2.037037037037037,False,3,True,0.5283018867924528,0.39436619718309857,45,98,27,98.0
annealed,"[[20,2,6]]",74,55,51,70,3577.0,493.0,45.1,45,27,1.6444444444444444,2.037037037037037,False,3,True,0.5471698113207547,0.39436619718309857,45,98,27,98.0
annealed,"[[20,2,6]]",75,55,51,70,3577.0,548.0,45.7,45,27,1.6666666666666667,2.037037037037037,False,3,True,0.5660377358490566,0.39436619718309857,45,98,27,98.0
annealed,"[[20,2,6]]",76,53,49,76,3714.0,314.0,45.0,45,27,1.6888888888888889,1.962962962962963,False,3,True,0.5849056603773585,0.36619718309859156,45,98,27,98.0
annealed,"[[20,2,6]]",77,52,48,77,3688.0,316.0,51.6,45,27,1.711111111111111,1.9259259259259258,False,3,True,0.6037735849056604,0.352112676056338,45,98,27,98.0
annealed,"[[20,2,6]]",78,52,48,77,3688.0,368.0,46.7,45,27,1.7333333333333334,1.9259259259259258,False,3,True,0.6226415094339622,0.352112676056338,45,98,27,98.0
annealed,"[[20,2,6]]",79,48,44,79,3489.0,303.0,52.2,45,27,1.7555555555555555,1.7777777777777777,False,3,True,0.6415094339622641,0.29577464788732394,45,98,27,98.0
annealed,"[[20,2,6]]",80,48,44,79,3489.0,351.0,46.9,45,27,1.7777777777777777,1.7777777777777777,False,3,True,0.660377358490566,0.29577464788732394,45,98,27,98.0
annealed,"[[20,2,6]]",81,48,44,79,3489.0,399.0,56.6,45,27,1.8,1.7777777777777777,False,3,True,0.6792452830188679,0.29577464788732394,45,98,27,98.0
annealed,"[[20,2,6]]",82,48,44,79,3489.0,447.0,45.2,45,27,1.8222222222222222,1.7777777777777777,False,3,True,0.6981132075471698,0.29577464788732394,45,98,27,98.0
annealed,"[[20,2,6]]",83,48,44,79,3489.0,495.0,45.0,45,27,1.8444444444444446,1.7777777777777777,False,3,True,0.7169811320754716,0.29577464788732394,45,98,27,98.0
annealed,"[[20,2,6]]",84,47,43,84,3643.0,305.0,44.9,45,27,1.8666666666666667,1.7407407407407407,False,3,True,0.7358490566037735,0.28169014084507044,45,98,27,98.0
annealed,"[[20,2,6]]",85,45,41,85,3532.0,293.0,49.7,45,27,1.8888888888888888,1.6666666666666667,False,3,True,0.7547169811320755,0.2535211267605634,45,98,27,98.0
annealed,"[[20,2,6]]",86,45,41,85,3532.0,338.0,44.7,45,27,1.9111111111111112,1.6666666666666667,False,3,True,0.7735849056603774,0.2535211267605634,45,98,27,98.0
annealed,"[[20,2,6]]",87,45,41,85,3532.0,383.0,44.9,45,27,1.9333333333333333,1.6666666666666667,False,3,True,0.7924528301886793,0.2535211267605634,45,98,27,98.0
annealed,"[[20,2,6]]",88,45,41,85,3532.0,428.0,46.5,45,27,1.9555555555555555,1.6666666666666667,False,3,True,0.8113207547169812,0.2535211267605634,45,98,27,98.0
annealed,"[[20,2,6]]",89,45,41,85,3532.0,473.0,47.1,45,27,1.9777777777777779,1.6666666666666667,False,3,True,0.8301886792452831,0.2535211267605634,45,98,27,98.0
annealed,"[[20,2,6]]",90,45,41,85,3532.0,518.0,44.6,45,27,2.0,1.6666666666666667,False,3,True,0.8490566037735849,0.2535211267605634,45,98,27,98.0
annealed,"[[20,2,6]]",91,45,41,85,3532.0,563.0,50.3,45,27,2.022222222222222,1.6666666666666667,False,3,True,0.8679245283018868,0.2535211267605634,45,98,27,98.0
annealed,"[[20,2,6]]",92,44,40,92,3632.0,416.0,45.0,45,27,2.0444444444444443,1.6296296296296295,False,3,True,0.8867924528301887,0.23943661971830985,45,98,27,98.0
annealed,"[[20,2,6]]",93,44,40,92,3632.0,460.0,45.1,45,27,2.066666666666667,1.6296296296296295,False,3,True,0.9056603773584906,0.23943661971830985,45,98,27,98.0
annealed,"[[20,2,6]]",94,44,40,92,3632.0,504.0,47.1,45,27,2.088888888888889,1.6296296296296295,False,3,True,0.9245283018867925,0.23943661971830985,45,98,27,98.0
annealed,"[[20,2,6]]",95,44,40,92,3632.0,548.0,46.1,45,27,2.111111111111111,1.6296296296296295,False,3,True,0.9433962264150944,0.23943661971830985,45,98,27,98.0
annealed,"[[20,2,6]]",96,44,40,92,3632.0,592.0,45.1,45,27,2.1333333333333333,1.6296296296296295,False,3,True,0.9622641509433962,0.23943661971830985,45,98,27,98.0
annealed,"[[20,2,6]]",97,43,39,97,3825.0,346.0,45.2,45,27,2.1555555555555554,1.5925925925925926,False,3,True,0.9811320754716981,0.22535211267605634,45,98,27,98.0
annealed,"[[20,2,6]]",98,43,39,97,3825.0,389.0,44.4,45,27,2.1777777777777776,1.5925925925925926,False,3,True,1.0,0.22535211267605634,45,98,27,98.0
annealed,"[[17,2,6]]",39,105,101,39,3997.0,98.0,116.3,39,26,1.0,4.038461538461538,False,3,True,0.0,0.8681318681318682,39,98,26,117.0
annealed,"[[17,2,6]]",40,105,101,39,3997.0,203.0,46.7,39,26,1.0256410256410255,4.038461538461538,False,3,True,0.01694915254237288,0.8681318681318682,39,98,26,117.0
annealed,"[[17,2,6]]",41,105,101,39,3997.0,308.0,45.9,39,26,1.0512820512820513,4.038461538461538,False,3,True,0.03389830508474576,0.8681318681318682,39,98,26,117.0
annealed,"[[17,2,6]]",42,105,101,39,3997.0,413.0,45.7,39,26,1.0769230769230769,4.038461538461538,False,3,True,0.05084745762711865,0.8681318681318682,39,98,26,117.0
annealed,"[[17,2,6]]",43,100,96,43,4118.0,182.0,45.8,39,26,1.1025641025641026,3.8461538461538463,False,3,True,0.06779661016949153,0.8131868131868132,39,98,26,117.0
annealed,"[[17,2,6]]",44,90,86,44,3790.0,170.0,44.7,39,26,1.1282051282051282,3.4615384615384617,False,3,True,0.0847457627118644,0.7032967032967034,39,98,26,117.0
annealed,"[[17,2,6]]",45,90,86,44,3790.0,260.0,46.0,39,26,1.1538461538461537,3.4615384615384617,False,3,True,0.1016949152542373,0.7032967032967034,39,98,26,117.0
annealed,"[[17,2,6]]",46,87,84,46,3825.0,177.0,45.0,39,26,1.1794871794871795,3.3461538461538463,False,3,True,0.11864406779661017,0.6703296703296703,39,98,26,117.0
annealed,"[[17,2,6]]",47,84,81,47,3741.0,207.0,44.8,39,26,1.205128205128205,3.230769230769231,False,3,True,0.13559322033898305,0.6373626373626373,39,98,26,117.0
annealed,"[[17,2,6]]",48,81,78,48,3734.0,154.0,44.3,39,26,1.2307692307692308,3.1153846153846154,False,3,True,0.15254237288135594,0.6043956043956044,39,98,26,117.0
annealed,"[[17,2,6]]",49,79,76,49,3656.0,215.0,43.7,39,26,1.2564102564102564,3.0384615384615383,False,3,True,0.1694915254237288,0.5824175824175825,39,98,26,117.0
annealed,"[[17,2,6]]",50,75,71,50,3531.0,219.0,44.2,39,26,1.2820512820512822,2.8846153846153846,False,3,True,0.1864406779661017,0.5384615384615384,39,98,26,117.0
annealed,"[[17,2,6]]",51,75,71,50,3531.0,294.0,44.2,39,26,1.3076923076923077,2.8846153846153846,False,3,True,0.2033898305084746,0.5384615384615384,39,98,26,117.0
annealed,"[[17,2,6]]",52,73,70,52,3570.0,226.0,43.8,39,26,1.3333333333333333,2.8076923076923075,False,3,True,0.22033898305084745,0.5164835164835165,39,98,26,117.0
annealed,"[[17,2,6]]",53,69,65,53,3431.0,226.0,44.1,39,26,1.358974358974359,2.6538461538461537,False,3,True,0.23728813559322035,0.4725274725274725,39,98,26,117.0
annealed,"[[17,2,6]]",54,67,64,54,3405.0,213.0,43.5,39,26,1.3846153846153846,2.576923076923077,False,3,True,0.2542372881355932,0.45054945054945056,39,98,26,117.0
annealed,"[[17,2,6]]",55,65,61,55,3370.0,205.0,43.8,39,26,1.4102564102564104,2.5,False,3,True,0.2711864406779661,0.42857142857142855,39,98,26,117.0
annealed,"[[17,2,6]]",56,64,60,56,3379.0,205.0,43.5,39,26,1.435897435897436,2.4615384615384617,False,3,True,0.288135593220339,0.4175824175824176,39,98,26,117.0
annealed,"[[17,2,6]]",57,63,59,57,3356.0,235.0,43.6,39,26,1.4615384615384615,2.423076923076923,False,3,True,0.3050847457627119,0.4065934065934066,39,98,26,117.0
annealed,"[[17,2,6]]",58,63,59,57,3356.0,298.0,43.7,39,26,1.4871794871794872,2.423076923076923,False,3,True,0.3220338983050847,0.4065934065934066,39,98,26,117.0
annealed,"[[17,2,6]]",59,59,55,59,3230.0,251.0,48.6,39,26,1.5128205128205128,2.269230769230769,False,3,True,0.3389830508474576,0.3626373626373626,39,98,26,117.0
annealed,"[[17,2,6]]",60,58,54,60,3257.0,223.0,46.6,39,26,1.5384615384615385,2.230769230769231,False,3,True,0.3559322033898305,0.3516483516483517,39,98,26,117.0
annealed,"[[17,2,6]]",61,58,54,60,3257.0,281.0,47.5,39,26,1.564102564102564,2.230769230769231,False,3,True,0.3728813559322034,0.3516483516483517,39,98,26,117.0
annealed,"[[17,2,6]]",62,58,54,60,3257.0,339.0,46.3,39,26,1.5897435897435896,2.230769230769231,False,3,True,0.3898305084745763,0.3516483516483517,39,98,26,117.0
annealed,"[[17,2,6]]",63,58,54,60,3257.0,397.0,44.8,39,26,1.6153846153846154,2.230769230769231,False,3,True,0.4067796610169492,0.3516483516483517,39,98,26,117.0
annealed,"[[17,2,6]]",64,58,54,60,3257.0,455.0,44.8,39,26,1.641025641025641,2.230769230769231,False,3,True,0.423728813559322,0.3516483516483517,39,98,26,117.0
annealed,"[[17,2,6]]",65,58,54,60,3257.0,513.0,44.2,39,26,1.6666666666666667,2.230769230769231,False,3,True,0.4406779661016949,0.3516483516483517,39,98,26,117.0
annealed,"[[17,2,6]]",66,58,54,60,3257.0,571.0,45.4,39,26,1.6923076923076923,2.230769230769231,False,3,True,0.4576271186440678,0.3516483516483517,39,98,26,117.0
annealed,"[[17,2,6]]",67,56,52,67,3458.0,294.0,44.3,39,26,1.7179487179487178,2.1538461538461537,False,3,True,0.4745762711864407,0.32967032967032966,39,98,26,117.0
annealed,"[[17,2,6]]",68,55,51,68,3407.0,333.0,44.4,39,26,1.7435897435897436,2.1153846153846154,False,3,True,0.4915254237288136,0.31868131868131866,39,98,26,117.0
annealed,"[[17,2,6]]",69,53,49,69,3362.0,295.0,44.9,39,26,1.7692307692307692,2.0384615384615383,False,3,True,0.5084745762711864,0.2967032967032967,39,98,26,117.0
annealed,"[[17,2,6]]",70,53,49,69,3362.0,348.0,45.2,39,26,1.794871794871795,2.0384615384615383,False,3,True,0.5254237288135594,0.2967032967032967,39,98,26,117.0
annealed,"[[17,2,6]]",71,53,49,69,3362.0,401.0,45.0,39,26,1.8205128205128205,2.0384615384615383,False,3,True,0.5423728813559322,0.2967032967032967,39,98,26,117.0
annealed,"[[17,2,6]]",72,51,47,71,3402.0,270.0,45.8,39,26,1.8461538461538463,1.9615384615384615,False,3,True,0.559322033898305,0.27472527472527475,39,98,26,117.0
annealed,"[[17,2,6]]",73,51,47,71,3402.0,321.0,46.9,39,26,1.8717948717948718,1.9615384615384615,False,3,True,0.576271186440678,0.27472527472527475,39,98,26,117.0
annealed,"[[17,2,6]]",74,50,46,74,3401.0,299.0,44.8,39,26,1.8974358974358974,1.9230769230769231,False,3,True,0.5932203389830508,0.26373626373626374,39,98,26,117.0
annealed,"[[17,2,6]]",75,50,46,74,3401.0,349.0,44.8,39,26,1.9230769230769231,1.9230769230769231,False,3,True,0.6101694915254238,0.26373626373626374,39,98,26,117.0
annealed,"[[17,2,6]]",76,50,46,74,3401.0,399.0,44.7,39,26,1.9487179487179487,1.9230769230769231,False,3,True,0.6271186440677966,0.26373626373626374,39,98,26,117.0
annealed,"[[17,2,6]]",77,47,43,77,3321.0,298.0,46.6,39,26,1.9743589743589745,1.8076923076923077,False,3,True,0.6440677966101694,0.23076923076923078,39,98,26,117.0
annealed,"[[17,2,6]]",78,47,43,77,3321.0,345.0,45.8,39,26,2.0,1.8076923076923077,False,3,True,0.6610169491525424,0.23076923076923078,39,98,26,117.0
annealed,"[[17,2,6]]",79,47,43,77,3321.0,392.0,44.7,39,26,2.0256410256410255,1.8076923076923077,False,3,True,0.6779661016949152,0.23076923076923078,39,98,26,117.0
annealed,"[[17,2,6]]",80,47,43,77,3321.0,439.0,46.2,39,26,2.051282051282051,1.8076923076923077,False,3,True,0.6949152542372882,0.23076923076923078,39,98,26,117.0
annealed,"[[17,2,6]]",81,47,43,77,3321.0,486.0,46.4,39,26,2.076923076923077,1.8076923076923077,False,3,True,0.711864406779661,0.23076923076923078,39,98,26,117.0
annealed,"[[17,2,6]]",82,47,43,77,3321.0,533.0,45.9,39,26,2.1025641025641026,1.8076923076923077,False,3,True,0.7288135593220338,0.23076923076923078,39,98,26,117.0
annealed,"[[17,2,6]]",83,47,43,77,3321.0,580.0,45.0,39,26,2.128205128205128,1.8076923076923077,False,3,True,0.7457627118644068,0.23076923076923078,39,98,26,117.0
annealed,"[[17,2,6]]",84,47,43,77,3321.0,627.0,46.1,39,26,2.1538461538461537,1.8076923076923077,False,3,True,0.7627118644067796,0.23076923076923078,39,98,26,117.0
annealed,"[[17,2,6]]",85,46,42,85,3648.0,262.0,44.5,39,26,2.1794871794871793,1.7692307692307692,False,3,True,0.7796610169491526,0.21978021978021978,39,98,26,117.0
annealed,"[[17,2,6]]",86,46,42,85,3648.0,308.0,46.4,39,26,2.2051282051282053,1.7692307692307692,False,3,True,0.7966101694915254,0.21978021978021978,39,98,26,117.0
annealed,"[[17,2,6]]",87,46,42,85,3648.0,354.0,45.0,39,26,2.230769230769231,1.7692307692307692,False,3,True,0.8135593220338984,0.21978021978021978,39,98,26,117.0
annealed,"[[17,2,6]]",88,43,40,88,3489.0,295.0,45.5,39,26,2.2564102564102564,1.6538461538461537,False,3,True,0.8305084745762712,0.18681318681318682,39,98,26,117.0
annealed,"[[17,2,6]]",89,43,40,88,3489.0,338.0,46.7,39,26,2.282051282051282,1.6538461538461537,False,3,True,0.847457627118644,0.18681318681318682,39,98,26,117.0
annealed,"[[17,2,6]]",90,43,40,88,3489.0,381.0,45.5,39,26,2.3076923076923075,1.6538461538461537,False,3,True,0.864406779661017,0.18681318681318682,39,98,26,117.0
annealed,"[[17,2,6]]",91,43,40,88,3489.0,424.0,45.8,39,26,2.3333333333333335,1.6538461538461537,False,3,True,0.8813559322033898,0.18681318681318682,39,98,26,117.0
annealed,"[[17,2,6]]",92,42,38,92,3575.0,289.0,46.7,39,26,2.358974358974359,1.6153846153846154,False,3,True,0.8983050847457628,0.17582417582417584,39,98,26,117.0
annealed,"[[17,2,6]]",93,42,38,92,3575.0,331.0,45.5,39,26,2.3846153846153846,1.6153846153846154,False,3,True,0.9152542372881356,0.17582417582417584,39,98,26,117.0
annealed,"[[17,2,6]]",94,42,38,92,3575.0,373.0,46.1,39,26,2.41025641025641,1.6153846153846154,False,3,True,0.9322033898305084,0.17582417582417584,39,98,26,117.0
annealed,"[[17,2,6]]",95,42,38,92,3575.0,415.0,45.8,39,26,2.4358974358974357,1.6153846153846154,False,3,True,0.9491525423728814,0.17582417582417584,39,98,26,117.0
annealed,"[[17,2,6]]",96,42,38,92,3575.0,457.0,46.7,39,26,2.4615384615384617,1.6153846153846154,False,3,True,0.9661016949152542,0.17582417582417584,39,98,26,117.0
annealed,"[[17,2,6]]",97,42,38,92,3575.0,499.0,45.5,39,26,2.4871794871794872,1.6153846153846154,False,3,True,0.9830508474576272,0.17582417582417584,39,98,26,117.0
annealed,"[[17,2,6]]",98,41,37,98,3695.0,323.0,45.8,39,26,2.5128205128205128,1.5769230769230769,False,3,True,1.0,0.16483516483516483,39,98,26,117.0
annealed,"[[16,3,5]]",40,52,48,40,2006.0,74.0,79.1,40,23,1.0,2.260869565217391,False,3,True,0.0,0.8950617283950639,40,98,23,55.39999999999992
annealed,"[[16,3,5]]",41,52,48,40,2006.0,126.0,41.4,40,23,1.025,2.260869565217391,False,3,True,0.017241379310344827,0.8950617283950639,40,98,23,55.39999999999992
annealed,"[[16,3,5]]",42,52,48,40,2006.0,178.0,38.7,40,23,1.05,2.260869565217391,False,3,True,0.034482758620689655,0.8950617283950639,40,98,23,55.39999999999992
annealed,"[[16,3,5]]",43,52,48,40,2006.0,230.0,43.7,40,23,1.075,2.260869565217391,False,3,True,0.05172413793103448,0.8950617283950639,40,98,23,55.39999999999992
annealed,"[[16,3,5]]",44,52,48,40,2006.0,282.0,52.8,40,23,1.1,2.260869565217391,False,3,True,0.06896551724137931,0.8950617283950639,40,98,23,55.39999999999992
annealed,"[[16,3,5]]",45,52,48,40,2006.0,334.0,41.6,40,23,1.125,2.260869565217391,False,3,True,0.08620689655172414,0.8950617283950639,40,98,23,55.39999999999992
annealed,"[[16,3,5]]",46,52,48,40,2006.0,386.0,40.6,40,23,1.15,2.260869565217391,False,3,True,0.10344827586206896,0.8950617283950639,40,98,23,55.39999999999992
annealed,"[[16,3,5]]",47,52,48,40,2006.0,438.0,39.7,40,23,1.175,2.260869565217391,False,3,True,0.1206896551724138,0.8950617283950639,40,98,23,55.39999999999992
annealed,"[[16,3,5]]",48,52,48,40,2006.0,490.0,40.0,40,23,1.2,2.260869565217391,False,3,True,0.13793103448275862,0.8950617283950639,40,98,23,55.39999999999992
annealed,"[[16,3,5]]",49,52,48,40,2006.0,542.0,39.3,40,23,1.225,2.260869565217391,False,3,True,0.15517241379310345,0.8950617283950639,40,98,23,55.39999999999992
annealed,"[[16,3,5]]",50,52,48,40,2006.0,594.0,39.3,40,23,1.25,2.260869565217391,False,3,True,0.1724137931034483,0.8950617283950639,40,98,23,55.39999999999992
annealed,"[[16,3,5]]",51,52,48,40,2006.0,646.0,39.2,40,23,1.275,2.260869565217391,False,3,True,0.1896551724137931,0.8950617283950639,40,98,23,55.39999999999992
annealed,"[[16,3,5]]",52,52,48,40,2006.0,698.0,39.1,40,23,1.3,2.260869565217391,False,3,True,0.20689655172413793,0.8950617283950639,40,98,23,55.39999999999992
annealed,"[[16,3,5]]",53,52,48,40,2006.0,750.0,39.1,40,23,1.325,2.260869565217391,False,3,True,0.22413793103448276,0.8950617283950639,40,98,23,55.39999999999992
annealed,"[[16,3,5]]",54,52,48,40,2006.0,802.0,40.0,40,23,1.35,2.260869565217391,False,3,True,0.2413793103448276,0.8950617283950639,40,98,23,55.39999999999992
annealed,"[[16,3,5]]",55,52,48,40,2006.0,854.0,39.5,40,23,1.375,2.260869565217391,False,3,True,0.25862068965517243,0.8950617283950639,40,98,23,55.39999999999992
annealed,"[[16,3,5]]",56,52,48,40,2006.0,906.0,38.9,40,23,1.4,2.260869565217391,False,3,True,0.27586206896551724,0.8950617283950639,40,98,23,55.39999999999992
annealed,"[[16,3,5]]",57,52,48,40,2006.0,958.0,38.8,40,23,1.425,2.260869565217391,False,3,True,0.29310344827586204,0.8950617283950639,40,98,23,55.39999999999992
annealed,"[[16,3,5]]",58,52,48,40,2006.0,1010.0,39.0,40,23,1.45,2.260869565217391,False,3,True,0.3103448275862069,0.8950617283950639,40,98,23,55.39999999999992
annealed,"[[16,3,5]]",59,52,48,40,2006.0,1062.0,38.3,40,23,1.475,2.260869565217391,False,3,True,0.3275862068965517,0.8950617283950639,40,98,23,55.39999999999992
annealed,"[[16,3,5]]",60,52,48,40,2006.0,1114.0,39.5,40,23,1.5,2.260869565217391,False,3,True,0.3448275862068966,0.8950617283950639,40,98,23,55.39999999999992
annealed,"[[16,3,5]]",61,51,47,61,2500.0,611.0,38.5,40,23,1.525,2.217391304347826,False,3,True,0.3620689655172414,0.8641975308641997,40,98,23,55.39999999999992
annealed,"[[16,3,5]]",62,50,46,62,2858.0,242.0,39.5,40,23,1.55,2.1739130434782608,False,3,True,0.3793103448275862,0.8333333333333354,40,98,23,55.39999999999992
annealed,"[[16,3,5]]",63,50,46,62,2858.0,292.0,38.9,40,23,1.575,2.1739130434782608,False,3,True,0.39655172413793105,0.8333333333333354,40,98,23,55.39999999999992
annealed,"[[16,3,5]]",64,50,46,62,2858.0,342.0,38.6,40,23,1.6,2.1739130434782608,False,3,True,0.41379310344827586,0.8333333333333354,40,98,23,55.39999999999992
annealed,"[[16,3,5]]",65,49,46,65,2956.0,229.0,39.3,40,23,1.625,2.130434782608696,False,3,True,0.43103448275862066,0.8024691358024711,40,98,23,55.39999999999992
annealed,"[[16,3,5]]",66,49,46,65,2956.0,278.0,40.2,40,23,1.65,2.130434782608696,False,3,True,0.4482758620689655,0.8024691358024711,40,98,23,55.39999999999992
annealed,"[[16,3,5]]",67,46,43,67,2847.0,235.0,37.9,40,23,1.675,2.0,False,3,True,0.46551724137931033,0.7098765432098783,40,98,23,55.39999999999992
annealed,"[[16,3,5]]",68,46,43,67,2847.0,281.0,38.8,40,23,1.7,2.0,False,3,True,0.4827586206896552,0.7098765432098783,40,98,23,55.39999999999992
annealed,"[[16,3,5]]",69,46,43,67,2847.0,327.0,39.0,40,23,1.725,2.0,False,3,True,0.5,0.7098765432098783,40,98,23,55.39999999999992
annealed,"[[16,3,5]]",70,45,41,70,2859.0,291.0,38.7,40,23,1.75,1.9565217391304348,False,3,True,0.5172413793103449,0.679012345679014,40,98,23,55.39999999999992
annealed,"[[16,3,5]]",71,44,40,71,2862.0,262.0,38.4,40,23,1.775,1.9130434782608696,False,3,True,0.5344827586206896,0.6481481481481497,40,98,23,55.39999999999992
annealed,"[[16,3,5]]",72,44,40,71,2862.0,306.0,38.9,40,23,1.8,1.9130434782608696,False,3,True,0.5517241379310345,0.6481481481481497,40,98,23,55.39999999999992
annealed,"[[16,3,5]]",73,44,40,71,2862.0,350.0,38.6,40,23,1.825,1.9130434782608696,False,3,True,0.5689655172413793,0.6481481481481497,40,98,23,55.39999999999992
annealed,"[[16,3,5]]",74,44,40,71,2862.0,394.0,38.9,40,23,1.85,1.9130434782608696,False,3,True,0.5862068965517241,0.6481481481481497,40,98,23,55.39999999999992
annealed,"[[16,3,5]]",75,44,40,71,2862.0,438.0,39.5,40,23,1.875,1.9130434782608696,False,3,True,0.603448275862069,0.6481481481481497,40,98,23,55.39999999999992
annealed,"[[16,3,5]]",76,41,37,76,2818.0,298.0,38.6,40,23,1.9,1.7826086956521738,False,3,True,0.6206896551724138,0.5555555555555569,40,98,23,55.39999999999992
annealed,"[[16,3,5]]",77,41,37,76,2818.0,339.0,38.8,40,23,1.925,1.7826086956521738,False,3,True,0.6379310344827587,0.5555555555555569,40,98,23,55.39999999999992
annealed,"[[16,3,5]]",78,41,37,76,2818.0,380.0,41.0,40,23,1.95,1.7826086956521738,False,3,True,0.6551724137931034,0.5555555555555569,40,98,23,55.39999999999992
annealed,"[[16,3,5]]",79,41,37,76,2818.0,421.0,38.7,40,23,1.975,1.7826086956521738,False,3,True,0.6724137931034483,0.5555555555555569,40,98,23,55.39999999999992
annealed,"[[16,3,5]]",80,38,34,80,2804.0,236.0,38.0,40,23,2.0,1.6521739130434783,False,3,True,0.6896551724137931,0.4629629629629641,40,98,23,55.39999999999992
annealed,"[[16,3,5]]",81,38,34,80,2804.0,274.0,37.8,40,23,2.025,1.6521739130434783,False,3,True,0.7068965517241379,0.4629629629629641,40,98,23,55.39999999999992
annealed,"[[16,3,5]]",82,38,34,80,2804.0,312.0,38.1,40,23,2.05,1.6521739130434783,False,3,True,0.7241379310344828,0.4629629629629641,40,98,23,55.39999999999992
annealed,"[[16,3,5]]",83,38,34,80,2804.0,350.0,38.1,40,23,2.075,1.6521739130434783,False,3,True,0.7413793103448276,0.4629629629629641,40,98,23,55.39999999999992
annealed,"[[16,3,5]]",84,38,34,80,2804.0,388.0,38.2,40,23,2.1,1.6521739130434783,False,3,True,0.7586206896551724,0.4629629629629641,40,98,23,55.39999999999992
annealed,"[[16,3,5]]",85,38,34,80,2804.0,426.0,38.7,40,23,2.125,1.6521739130434783,False,3,True,0.7758620689655172,0.4629629629629641,40,98,23,55.39999999999992
annealed,"[[16,3,5]]",86,38,34,80,2804.0,464.0,38.2,40,23,2.15,1.6521739130434783,False,3,True,0.7931034482758621,0.4629629629629641,40,98,23,55.39999999999992
annealed,"[[16,3,5]]",87,38,34,80,2804.0,502.0,37.9,40,23,2.175,1.6521739130434783,False,3,True,0.8103448275862069,0.4629629629629641,40,98,23,55.39999999999992
annealed,"[[16,3,5]]",88,38,34,80,2804.0,540.0,38.2,40,23,2.2,1.6521739130434783,False,3,True,0.8275862068965517,0.4629629629629641,40,98,23,55.39999999999992
annealed,"[[16,3,5]]",89,38,34,80,2804.0,578.0,38.2,40,23,2.225,1.6521739130434783,False,3,True,0.8448275862068966,0.4629629629629641,40,98,23,55.39999999999992
annealed,"[[16,3,5]]",90,38,34,80,2804.0,616.0,37.9,40,23,2.25,1.6521739130434783,False,3,True,0.8620689655172413,0.4629629629629641,40,98,23,55.39999999999992
annealed,"[[16,3,5]]",91,38,34,80,2804.0,654.0,40.1,40,23,2.275,1.6521739130434783,False,3,True,0.8793103448275862,0.4629629629629641,40,98,23,55.39999999999992
annealed,"[[16,3,5]]",92,38,34,80,2804.0,692.0,39.3,40,23,2.3,1.6521739130434783,False,3,True,0.896551724137931,0.4629629629629641,40,98,23,55.39999999999992
annealed,"[[16,3,5]]",93,36,33,93,3007.0,341.0,39.4,40,23,2.325,1.565217391304348,False,3,True,0.9137931034482759,0.4012345679012356,40,98,23,55.39999999999992
annealed,"[[16,3,5]]",94,36,33,93,3007.0,377.0,37.9,40,23,2.35,1.565217391304348,False,3,True,0.9310344827586207,0.4012345679012356,40,98,23,55.39999999999992
annealed,"[[16,3,5]]",95,35,31,95,2903.0,422.0,37.8,40,23,2.375,1.5217391304347827,False,3,True,0.9482758620689655,0.3703703703703713,40,98,23,55.39999999999992
annealed,"[[16,3,5]]",96,35,31,95,2903.0,457.0,38.0,40,23,2.4,1.5217391304347827,False,3,True,0.9655172413793104,0.3703703703703713,40,98,23,55.39999999999992
annealed,"[[16,3,5]]",97,35,31,95,2903.0,492.0,37.7,40,23,2.425,1.5217391304347827,False,3,True,0.9827586206896551,0.3703703703703713,40,98,23,55.39999999999992
annealed,"[[16,3,5]]",98,35,31,95,2903.0,527.0,38.1,40,23,2.45,1.5217391304347827,False,3,True,1.0,0.3703703703703713,40,98,23,55.39999999999992
annealed,"[[19,2,6]]",41,97,93,41,3873.0,104.0,157.0,41,27,1.0,3.5925925925925926,False,3,True,0.0,0.7608695652173914,41,98,27,119.0
annealed,"[[19,2,6]]",42,97,93,41,3873.0,201.0,47.0,41,27,1.024390243902439,3.5925925925925926,False,3,True,0.017543859649122806,0.7608695652173914,41,98,27,119.0
annealed,"[[19,2,6]]",43,97,93,41,3873.0,298.0,46.4,41,27,1.048780487804878,3.5925925925925926,False,3,True,0.03508771929824561,0.7608695652173914,41,98,27,119.0
annealed,"[[19,2,6]]",44,97,93,41,3873.0,395.0,46.8,41,27,1.0731707317073171,3.5925925925925926,False,3,True,0.05263157894736842,0.7608695652173914,41,98,27,119.0
annealed,"[[19,2,6]]",45,90,86,45,3885.0,165.0,46.5,41,27,1.0975609756097562,3.3333333333333335,False,3,True,0.07017543859649122,0.6847826086956522,41,98,27,119.0
annealed,"[[19,2,6]]",46,88,84,46,3882.0,166.0,47.6,41,27,1.1219512195121952,3.259259259259259,False,3,True,0.08771929824561403,0.6630434782608695,41,98,27,119.0
annealed,"[[19,2,6]]",47,88,84,46,3882.0,254.0,46.0,41,27,1.146341463414634,3.259259259259259,False,3,True,0.10526315789473684,0.6630434782608695,41,98,27,119.0
annealed,"[[19,2,6]]",48,82,78,48,3777.0,159.0,46.3,41,27,1.170731707317073,3.037037037037037,False,3,True,0.12280701754385964,0.5978260869565217,41,98,27,119.0
annealed,"[[19,2,6]]",49,80,77,49,3729.0,191.0,46.0,41,27,1.1951219512195121,2.962962962962963,False,3,True,0.14035087719298245,0.5760869565217391,41,98,27,119.0
annealed,"[[19,2,6]]",50,78,74,50,3681.0,219.0,45.0,41,27,1.2195121951219512,2.888888888888889,False,3,True,0.15789473684210525,0.5543478260869565,41,98,27,119.0
annealed,"[[19,2,6]]",51,74,71,51,3570.0,204.0,45.0,41,27,1.2439024390243902,2.740740740740741,False,3,True,0.17543859649122806,0.5108695652173914,41,98,27,119.0
annealed,"[[19,2,6]]",52,74,71,51,3570.0,278.0,44.5,41,27,1.2682926829268293,2.740740740740741,False,3,True,0.19298245614035087,0.5108695652173914,41,98,27,119.0
annealed,"[[19,2,6]]",53,72,68,53,3625.0,191.0,44.6,41,27,1.2926829268292683,2.6666666666666665,False,3,True,0.21052631578947367,0.4891304347826087,41,98,27,119.0
annealed,"[[19,2,6]]",54,71,67,54,3601.0,233.0,44.6,41,27,1.3170731707317074,2.6296296296296298,False,3,True,0.22807017543859648,0.4782608695652174,41,98,27,119.0
annealed,"[[19,2,6]]",55,70,67,55,3652.0,198.0,44.9,41,27,1.3414634146341464,2.5925925925925926,False,3,True,0.24561403508771928,0.4673913043478261,41,98,27,119.0
annealed,"[[19,2,6]]",56,69,66,56,3632.0,232.0,44.7,41,27,1.3658536585365855,2.5555555555555554,False,3,True,0.2631578947368421,0.45652173913043476,41,98,27,119.0
annealed,"[[19,2,6]]",57,67,63,57,3573.0,246.0,44.4,41,27,1.3902439024390243,2.4814814814814814,False,3,True,0.2807017543859649,0.43478260869565216,41,98,27,119.0
annealed,"[[19,2,6]]",58,65,62,58,3566.0,204.0,44.4,41,27,1.4146341463414633,2.4074074074074074,False,3,True,0.2982456140350877,0.41304347826086957,41,98,27,119.0
annealed,"[[19,2,6]]",59,63,59,59,3506.0,211.0,44.3,41,27,1.4390243902439024,2.3333333333333335,False,3,True,0.3157894736842105,0.391304347826087,41,98,27,119.0
annealed,"[[19,2,6]]",60,63,59,59,3506.0,274.0,44.5,41,27,1.4634146341463414,2.3333333333333335,False,3,True,0.3333333333333333,0.391304347826087,41,98,27,119.0
annealed,"[[19,2,6]]",61,63,59,59,3506.0,337.0,44.5,41,27,1.4878048780487805,2.3333333333333335,False,3,True,0.3508771929824561,0.391304347826087,41,98,27,119.0
annealed,"[[19,2,6]]",62,60,56,62,3513.0,207.0,44.2,41,27,1.5121951219512195,2.2222222222222223,False,3,True,0.3684210526315789,0.358695652173913,41,98,27,119.0
annealed,"[[19,2,6]]",63,60,56,62,3513.0,267.0,44.3,41,27,1.5365853658536586,2.2222222222222223,False,3,True,0.38596491228070173,0.358695652173913,41,98,27,119.0
annealed,"[[19,2,6]]",64,58,54,64,3499.0,213.0,44.3,41,27,1.5609756097560976,2.1481481481481484,False,3,True,0.40350877192982454,0.33695652173913043,41,98,27,119.0
annealed,"[[19,2,6]]",65,58,54,64,3499.0,271.0,44.0,41,27,1.5853658536585367,2.1481481481481484,False,3,True,0.42105263157894735,0.33695652173913043,41,98,27,119.0
annealed,"[[19,2,6]]",66,58,54,64,3499.0,329.0,44.3,41,27,1.6097560975609757,2.1481481481481484,False,3,True,0.43859649122807015,0.33695652173913043,41,98,27,119.0
annealed,"[[19,2,6]]",67,58,54,64,3499.0,387.0,45.8,41,27,1.6341463414634145,2.1481481481481484,False,3,True,0.45614035087719296,0.33695652173913043,41,98,27,119.0
annealed,"[[19,2,6]]",68,58,54,64,3499.0,445.0,44.2,41,27,1.6585365853658536,2.1481481481481484,False,3,True,0.47368421052631576,0.33695652173913043,41,98,27,119.0
annealed,"[[19,2,6]]",69,55,52,69,3460.0,335.0,44.4,41,27,1.6829268292682926,2.037037037037037,False,3,True,0.49122807017543857,0.30434782608695654,41,98,27,119.0
annealed,"[[19,2,6]]",70,55,52,69,3460.0,390.0,44.2,41,27,1.7073170731707317,2.037037037037037,False,3,True,0.5087719298245614,0.30434782608695654,41,98,27,119.0
annealed,"[[19,2,6]]",71,55,52,69,3460.0,445.0,44.0,41,27,1.7317073170731707,2.037037037037037,False,3,True,0.5263157894736842,0.30434782608695654,41,98,27,119.0
annealed,"[[19,2,6]]",72,55,52,69,3460.0,500.0,44.4,41,27,1.7560975609756098,2.037037037037037,False,3,True,0.543859649122807,0.30434782608695654,41,98,27,119.0
annealed,"[[19,2,6]]",73,54,50,73,3621.0,321.0,44.1,41,27,1.7804878048780488,2.0,False,3,True,0.5614035087719298,0.29347826086956524,41,98,27,119.0
annealed,"[[19,2,6]]",74,54,50,73,3621.0,375.0,44.2,41,27,1.8048780487804879,2.0,False,3,True,0.5789473684210527,0.29347826086956524,41,98,27,119.0
annealed,"[[19,2,6]]",75,52,48,75,3638.0,262.0,44.1,41,27,1.829268292682927,1.9259259259259258,False,3,True,0.5964912280701754,0.2717391304347826,41,98,27,119.0
annealed,"[[19,2,6]]",76,52,48,75,3638.0,314.0,44.2,41,27,1.853658536585366,1.9259259259259258,False,3,True,0.6140350877192983,0.2717391304347826,41,98,27,119.0
annealed,"[[19,2,6]]",77,52,48,75,3638.0,366.0,44.2,41,27,1.8780487804878048,1.9259259259259258,False,3,True,0.631578947368421,0.2717391304347826,41,98,27,119.0
annealed,"[[19,2,6]]",78,48,44,78,3477.0,267.0,43.9,41,27,1.9024390243902438,1.7777777777777777,False,3,True,0.6491228070175439,0.22826086956521738,41,98,27,119.0
annealed,"[[19,2,6]]",79,48,44,78,3477.0,315.0,44.0,41,27,1.9268292682926829,1.7777777777777777,False,3,True,0.6666666666666666,0.22826086956521738,41,98,27,119.0
annealed,"[[19,2,6]]",80,48,44,78,3477.0,363.0,43.9,41,27,1.951219512195122,1.7777777777777777,False,3,True,0.6842105263157895,0.22826086956521738,41,98,27,119.0
annealed,"[[19,2,6]]",81,48,44,78,3477.0,411.0,43.9,41,27,1.975609756097561,1.7777777777777777,False,3,True,0.7017543859649122,0.22826086956521738,41,98,27,119.0
annealed,"[[19,2,6]]",82,48,44,78,3477.0,459.0,44.3,41,27,2.0,1.7777777777777777,False,3,True,0.7192982456140351,0.22826086956521738,41,98,27,119.0
annealed,"[[19,2,6]]",83,48,44,78,3477.0,507.0,43.8,41,27,2.024390243902439,1.7777777777777777,False,3,True,0.7368421052631579,0.22826086956521738,41,98,27,119.0
annealed,"[[19,2,6]]",84,46,42,84,3614.0,250.0,43.6,41,27,2.048780487804878,1.7037037037037037,False,3,True,0.7543859649122807,0.20652173913043478,41,98,27,119.0
annealed,"[[19,2,6]]",85,46,42,84,3614.0,296.0,44.1,41,27,2.073170731707317,1.7037037037037037,False,3,True,0.7719298245614035,0.20652173913043478,41,98,27,119.0
annealed,"[[19,2,6]]",86,46,42,84,3614.0,342.0,43.9,41,27,2.097560975609756,1.7037037037037037,False,3,True,0.7894736842105263,0.20652173913043478,41,98,27,119.0
annealed,"[[19,2,6]]",87,45,41,87,3608.0,307.0,44.9,41,27,2.1219512195121952,1.6666666666666667,False,3,True,0.8070175438596491,0.1956521739130435,41,98,27,119.0
annealed,"[[19,2,6]]",88,45,41,87,3608.0,352.0,44.2,41,27,2.1463414634146343,1.6666666666666667,False,3,True,0.8245614035087719,0.1956521739130435,41,98,27,119.0
annealed,"[[19,2,6]]",89,45,41,87,3608.0,397.0,44.0,41,27,2.1707317073170733,1.6666666666666667,False,3,True,0.8421052631578947,0.1956521739130435,41,98,27,119.0
annealed,"[[19,2,6]]",90,44,40,90,3610.0,350.0,44.0,41,27,2.1951219512195124,1.6296296296296295,False,3,True,0.8596491228070176,0.18478260869565216,41,98,27,119.0
annealed,"[[19,2,6]]",91,44,40,90,3610.0,394.0,44.4,41,27,2.2195121951219514,1.6296296296296295,False,3,True,0.8771929824561403,0.18478260869565216,41,98,27,119.0
annealed,"[[19,2,6]]",92,44,40,90,3610.0,438.0,44.1,41,27,2.2439024390243905,1.6296296296296295,False,3,True,0.8947368421052632,0.18478260869565216,41,98,27,119.0
annealed,"[[19,2,6]]",93,43,40,93,3633.0,366.0,43.9,41,27,2.268292682926829,1.5925925925925926,False,3,True,0.9122807017543859,0.17391304347826086,41,98,27,119.0
annealed,"[[19,2,6]]",94,43,40,93,3633.0,409.0,44.1,41,27,2.292682926829268,1.5925925925925926,False,3,True,0.9298245614035088,0.17391304347826086,41,98,27,119.0
annealed,"[[19,2,6]]",95,43,40,93,3633.0,452.0,43.8,41,27,2.317073170731707,1.5925925925925926,False,3,True,0.9473684210526315,0.17391304347826086,41,98,27,119.0
annealed,"[[19,2,6]]",96,43,40,93,3633.0,495.0,43.9,41,27,2.341463414634146,1.5925925925925926,False,3,True,0.9649122807017544,0.17391304347826086,41,98,27,119.0
annealed,"[[19,2,6]]",97,43,40,93,3633.0,538.0,44.1,41,27,2.3658536585365852,1.5925925925925926,False,3,True,0.9824561403508771,0.17391304347826086,41,98,27,119.0
annealed,"[[19,2,6]]",98,43,40,93,3633.0,581.0,43.8,41,27,2.3902439024390243,1.5925925925925926,False,3,True,1.0,0.17391304347826086,41,98,27,119.0
cap sweep,"[[20,2,6]]",45,466,462,45,13603.0,7367.0,0.6,45,27,1.0,17.25925925925926,True,3,True,0.0,1.15,45,98,27,98.0
cap sweep,"[[20,2,6]]",46,466,462,45,13603.0,7833.0,0.6,45,27,1.0222222222222221,17.25925925925926,True,3,True,0.018867924528301886,1.15,45,98,27,98.0
cap sweep,"[[20,2,6]]",47,235,231,47,7376.0,3669.0,0.6,45,27,1.0444444444444445,8.703703703703704,False,3,True,0.03773584905660377,1.15,45,98,27,98.0
cap sweep,"[[20,2,6]]",48,235,231,47,7376.0,3904.0,0.6,45,27,1.0666666666666667,8.703703703703704,False,3,True,0.05660377358490566,1.15,45,98,27,98.0
cap sweep,"[[20,2,6]]",49,159,155,49,5371.0,2420.0,0.7,45,27,1.0888888888888888,5.888888888888889,False,3,True,0.07547169811320754,1.15,45,98,27,98.0
cap sweep,"[[20,2,6]]",50,159,155,49,5371.0,2579.0,0.6,45,27,1.1111111111111112,5.888888888888889,False,3,True,0.09433962264150944,1.15,45,98,27,98.0
cap sweep,"[[20,2,6]]",51,120,116,51,4447.0,1673.0,0.6,45,27,1.1333333333333333,4.444444444444445,False,3,True,0.11320754716981132,1.15,45,98,27,98.0
cap sweep,"[[20,2,6]]",52,120,116,51,4447.0,1793.0,0.6,45,27,1.1555555555555554,4.444444444444445,False,3,True,0.1320754716981132,1.15,45,98,27,98.0
cap sweep,"[[20,2,6]]",53,98,94,53,3814.0,1380.0,0.6,45,27,1.1777777777777778,3.6296296296296298,False,3,True,0.1509433962264151,1.0,45,98,27,98.0
cap sweep,"[[20,2,6]]",54,98,94,53,3814.0,1478.0,0.6,45,27,1.2,3.6296296296296298,False,3,True,0.16981132075471697,1.0,45,98,27,98.0
cap sweep,"[[20,2,6]]",55,98,94,53,3814.0,1576.0,0.6,45,27,1.2222222222222223,3.6296296296296298,False,3,True,0.18867924528301888,1.0,45,98,27,98.0
cap sweep,"[[20,2,6]]",56,71,67,56,3220.0,756.0,0.6,45,27,1.2444444444444445,2.6296296296296298,False,3,True,0.20754716981132076,0.6197183098591549,45,98,27,98.0
cap sweep,"[[20,2,6]]",57,71,67,56,3220.0,827.0,0.6,45,27,1.2666666666666666,2.6296296296296298,False,3,True,0.22641509433962265,0.6197183098591549,45,98,27,98.0
cap sweep,"[[20,2,6]]",58,71,67,56,3220.0,898.0,0.6,45,27,1.288888888888889,2.6296296296296298,False,3,True,0.24528301886792453,0.6197183098591549,45,98,27,98.0
cap sweep,"[[20,2,6]]",59,71,67,56,3220.0,969.0,0.6,45,27,1.3111111111111111,2.6296296296296298,False,3,True,0.2641509433962264,0.6197183098591549,45,98,27,98.0
cap sweep,"[[20,2,6]]",60,71,67,56,3220.0,1040.0,0.6,45,27,1.3333333333333333,2.6296296296296298,False,3,True,0.2830188679245283,0.6197183098591549,45,98,27,98.0
cap sweep,"[[20,2,6]]",61,71,67,56,3220.0,1111.0,0.6,45,27,1.3555555555555556,2.6296296296296298,False,3,True,0.3018867924528302,0.6197183098591549,45,98,27,98.0
cap sweep,"[[20,2,6]]",62,63,59,62,3014.0,892.0,0.6,45,27,1.3777777777777778,2.3333333333333335,False,3,True,0.32075471698113206,0.5070422535211268,45,98,27,98.0
cap sweep,"[[20,2,6]]",63,63,59,62,3014.0,955.0,0.6,45,27,1.4,2.3333333333333335,False,3,True,0.33962264150943394,0.5070422535211268,45,98,27,98.0
cap sweep,"[[20,2,6]]",64,63,59,62,3014.0,1018.0,0.6,45,27,1.4222222222222223,2.3333333333333335,False,3,True,0.3584905660377358,0.5070422535211268,45,98,27,98.0
cap sweep,"[[20,2,6]]",65,63,59,62,3014.0,1081.0,0.6,45,27,1.4444444444444444,2.3333333333333335,False,3,True,0.37735849056603776,0.5070422535211268,45,98,27,98.0
cap sweep,"[[20,2,6]]",66,56,52,66,2911.0,785.0,0.6,45,27,1.4666666666666666,2.074074074074074,False,3,True,0.39622641509433965,0.4084507042253521,45,98,27,98.0
cap sweep,"[[20,2,6]]",67,56,52,66,2911.0,841.0,0.8,45,27,1.488888888888889,2.074074074074074,False,3,True,0.41509433962264153,0.4084507042253521,45,98,27,98.0
cap sweep,"[[20,2,6]]",68,51,47,68,2817.0,651.0,0.6,45,27,1.511111111111111,1.8888888888888888,False,3,True,0.4339622641509434,0.3380281690140845,45,98,27,98.0
cap sweep,"[[20,2,6]]",69,51,47,68,2817.0,702.0,0.6,45,27,1.5333333333333334,1.8888888888888888,False,3,True,0.4528301886792453,0.3380281690140845,45,98,27,98.0
cap sweep,"[[20,2,6]]",70,51,47,68,2817.0,753.0,0.6,45,27,1.5555555555555556,1.8888888888888888,False,3,True,0.4716981132075472,0.3380281690140845,45,98,27,98.0
cap sweep,"[[20,2,6]]",71,51,47,68,2817.0,804.0,0.6,45,27,1.5777777777777777,1.8888888888888888,False,3,True,0.49056603773584906,0.3380281690140845,45,98,27,98.0
cap sweep,"[[20,2,6]]",72,47,43,72,2750.0,634.0,0.6,45,27,1.6,1.7407407407407407,False,3,True,0.5094339622641509,0.28169014084507044,45,98,27,98.0
cap sweep,"[[20,2,6]]",73,47,43,72,2750.0,681.0,0.6,45,27,1.6222222222222222,1.7407407407407407,False,3,True,0.5283018867924528,0.28169014084507044,45,98,27,98.0
cap sweep,"[[20,2,6]]",74,47,43,72,2750.0,728.0,0.6,45,27,1.6444444444444444,1.7407407407407407,False,3,True,0.5471698113207547,0.28169014084507044,45,98,27,98.0
cap sweep,"[[20,2,6]]",75,47,43,72,2750.0,775.0,0.6,45,27,1.6666666666666667,1.7407407407407407,False,3,True,0.5660377358490566,0.28169014084507044,45,98,27,98.0
cap sweep,"[[20,2,6]]",76,47,43,72,2750.0,822.0,0.6,45,27,1.6888888888888889,1.7407407407407407,False,3,True,0.5849056603773585,0.28169014084507044,45,98,27,98.0
cap sweep,"[[20,2,6]]",77,47,43,72,2750.0,869.0,0.6,45,27,1.711111111111111,1.7407407407407407,False,3,True,0.6037735849056604,0.28169014084507044,45,98,27,98.0
cap sweep,"[[20,2,6]]",78,42,38,78,2612.0,664.0,0.6,45,27,1.7333333333333334,1.5555555555555556,False,3,True,0.6226415094339622,0.2112676056338028,45,98,27,98.0
cap sweep,"[[20,2,6]]",79,42,38,78,2612.0,706.0,0.6,45,27,1.7555555555555555,1.5555555555555556,False,3,True,0.6415094339622641,0.2112676056338028,45,98,27,98.0
cap sweep,"[[20,2,6]]",80,42,38,78,2612.0,748.0,0.6,45,27,1.7777777777777777,1.5555555555555556,False,3,True,0.660377358490566,0.2112676056338028,45,98,27,98.0
cap sweep,"[[20,2,6]]",81,42,38,78,2612.0,790.0,0.6,45,27,1.8,1.5555555555555556,False,3,True,0.6792452830188679,0.2112676056338028,45,98,27,98.0
cap sweep,"[[20,2,6]]",82,42,38,78,2612.0,832.0,0.6,45,27,1.8222222222222222,1.5555555555555556,False,3,True,0.6981132075471698,0.2112676056338028,45,98,27,98.0
cap sweep,"[[20,2,6]]",83,38,34,83,2540.0,614.0,0.6,45,27,1.8444444444444446,1.4074074074074074,False,3,True,0.7169811320754716,0.15492957746478872,45,98,27,98.0
cap sweep,"[[20,2,6]]",84,38,34,83,2540.0,652.0,0.6,45,27,1.8666666666666667,1.4074074074074074,False,3,True,0.7358490566037735,0.15492957746478872,45,98,27,98.0
cap sweep,"[[20,2,6]]",85,38,34,83,2540.0,690.0,0.6,45,27,1.8888888888888888,1.4074074074074074,False,3,True,0.7547169811320755,0.15492957746478872,45,98,27,98.0
cap sweep,"[[20,2,6]]",86,38,34,83,2540.0,728.0,0.6,45,27,1.9111111111111112,1.4074074074074074,False,3,True,0.7735849056603774,0.15492957746478872,45,98,27,98.0
cap sweep,"[[20,2,6]]",87,38,34,83,2540.0,766.0,0.7,45,27,1.9333333333333333,1.4074074074074074,False,3,True,0.7924528301886793,0.15492957746478872,45,98,27,98.0
cap sweep,"[[20,2,6]]",88,38,34,83,2540.0,804.0,0.6,45,27,1.9555555555555555,1.4074074074074074,False,3,True,0.8113207547169812,0.15492957746478872,45,98,27,98.0
cap sweep,"[[20,2,6]]",89,38,34,83,2540.0,842.0,0.6,45,27,1.9777777777777779,1.4074074074074074,False,3,True,0.8301886792452831,0.15492957746478872,45,98,27,98.0
cap sweep,"[[20,2,6]]",90,38,34,83,2540.0,880.0,0.6,45,27,2.0,1.4074074074074074,False,3,True,0.8490566037735849,0.15492957746478872,45,98,27,98.0
cap sweep,"[[20,2,6]]",91,36,32,91,2592.0,684.0,0.6,45,27,2.022222222222222,1.3333333333333333,False,3,True,0.8679245283018868,0.1267605633802817,45,98,27,98.0
cap sweep,"[[20,2,6]]",92,36,32,91,2592.0,720.0,0.6,45,27,2.0444444444444443,1.3333333333333333,False,3,True,0.8867924528301887,0.1267605633802817,45,98,27,98.0
cap sweep,"[[20,2,6]]",93,34,30,93,2563.0,599.0,0.6,45,27,2.066666666666667,1.2592592592592593,False,3,True,0.9056603773584906,0.09859154929577464,45,98,27,98.0
cap sweep,"[[20,2,6]]",94,34,30,93,2563.0,633.0,0.6,45,27,2.088888888888889,1.2592592592592593,False,3,True,0.9245283018867925,0.09859154929577464,45,98,27,98.0
cap sweep,"[[20,2,6]]",95,34,30,93,2563.0,667.0,0.6,45,27,2.111111111111111,1.2592592592592593,False,3,True,0.9433962264150944,0.09859154929577464,45,98,27,98.0
cap sweep,"[[20,2,6]]",96,34,30,93,2563.0,701.0,0.6,45,27,2.1333333333333333,1.2592592592592593,False,3,True,0.9622641509433962,0.09859154929577464,45,98,27,98.0
cap sweep,"[[20,2,6]]",97,34,30,93,2563.0,735.0,0.6,45,27,2.1555555555555554,1.2592592592592593,False,3,True,0.9811320754716981,0.09859154929577464,45,98,27,98.0
cap sweep,"[[20,2,6]]",98,34,30,93,2563.0,769.0,0.6,45,27,2.1777777777777776,1.2592592592592593,False,3,True,1.0,0.09859154929577464,45,98,27,98.0
cap sweep,"[[21,2,6]]",43,470,466,43,14544.0,5666.0,0.7,43,28,1.0,16.785714285714285,True,3,True,0.0,1.15,43,98,28,146.35000000000022
cap sweep,"[[21,2,6]]",44,470,466,43,14544.0,6136.0,0.6,43,28,1.0232558139534884,16.785714285714285,True,3,True,0.01818181818181818,1.15,43,98,28,146.35000000000022
cap sweep,"[[21,2,6]]",45,470,466,43,14544.0,6606.0,0.6,43,28,1.0465116279069768,16.785714285714285,True,3,True,0.03636363636363636,1.15,43,98,28,146.35000000000022
cap sweep,"[[21,2,6]]",46,470,466,43,14544.0,7076.0,0.6,43,28,1.069767441860465,16.785714285714285,True,3,True,0.05454545454545454,1.15,43,98,28,146.35000000000022
cap sweep,"[[21,2,6]]",47,470,466,43,14544.0,7546.0,0.6,43,28,1.0930232558139534,16.785714285714285,True,3,True,0.07272727272727272,1.15,43,98,28,146.35000000000022
cap sweep,"[[21,2,6]]",48,237,233,48,7845.0,3531.0,0.6,43,28,1.1162790697674418,8.464285714285714,False,3,True,0.09090909090909091,1.15,43,98,28,146.35000000000022
cap sweep,"[[21,2,6]]",49,237,233,48,7845.0,3768.0,0.6,43,28,1.1395348837209303,8.464285714285714,False,3,True,0.10909090909090909,1.15,43,98,28,146.35000000000022
cap sweep,"[[21,2,6]]",50,160,156,50,5685.0,2315.0,0.6,43,28,1.1627906976744187,5.714285714285714,False,3,True,0.12727272727272726,1.1153358681875771,43,98,28,146.35000000000022
cap sweep,"[[21,2,6]]",51,160,156,50,5685.0,2475.0,0.6,43,28,1.186046511627907,5.714285714285714,False,3,True,0.14545454545454545,1.1153358681875771,43,98,28,146.35000000000022
cap sweep,"[[21,2,6]]",52,121,117,52,4626.0,1666.0,0.7,43,28,1.2093023255813953,4.321428571428571,False,3,True,0.16363636363636364,0.7858048162230657,43,98,28,146.35000000000022
cap sweep,"[[21,2,6]]",53,121,117,52,4626.0,1787.0,0.7,43,28,1.2325581395348837,4.321428571428571,False,3,True,0.18181818181818182,0.7858048162230657,43,98,28,146.35000000000022
cap sweep,"[[21,2,6]]",54,121,117,52,4626.0,1908.0,0.6,43,28,1.255813953488372,4.321428571428571,False,3,True,0.2,0.7858048162230657,43,98,28,146.35000000000022
cap sweep,"[[21,2,6]]",55,121,117,52,4626.0,2029.0,0.6,43,28,1.2790697674418605,4.321428571428571,False,3,True,0.21818181818181817,0.7858048162230657,43,98,28,146.35000000000022
cap sweep,"[[21,2,6]]",56,121,117,52,4626.0,2150.0,0.7,43,28,1.302325581395349,4.321428571428571,False,3,True,0.23636363636363636,0.7858048162230657,43,98,28,146.35000000000022
cap sweep,"[[21,2,6]]",57,98,94,57,4080.0,1506.0,0.6,43,28,1.3255813953488371,3.5,False,3,True,0.2545454545454545,0.5914659907055333,43,98,28,146.35000000000022
cap sweep,"[[21,2,6]]",58,98,94,57,4080.0,1604.0,0.7,43,28,1.3488372093023255,3.5,False,3,True,0.2727272727272727,0.5914659907055333,43,98,28,146.35000000000022
cap sweep,"[[21,2,6]]",59,98,94,57,4080.0,1702.0,0.6,43,28,1.372093023255814,3.5,False,3,True,0.2909090909090909,0.5914659907055333,43,98,28,146.35000000000022
cap sweep,"[[21,2,6]]",60,98,94,57,4080.0,1800.0,0.6,43,28,1.3953488372093024,3.5,False,3,True,0.3090909090909091,0.5914659907055333,43,98,28,146.35000000000022
cap sweep,"[[21,2,6]]",61,83,79,61,3675.0,1388.0,0.6,43,28,1.4186046511627908,2.9642857142857144,False,3,True,0.32727272727272727,0.46472327841149047,43,98,28,146.35000000000022
cap sweep,"[[21,2,6]]",62,64,60,62,3217.0,751.0,0.6,43,28,1.441860465116279,2.2857142857142856,False,3,True,0.34545454545454546,0.30418250950570286,43,98,28,146.35000000000022
cap sweep,"[[21,2,6]]",63,64,60,62,3217.0,815.0,0.6,43,28,1.4651162790697674,2.2857142857142856,False,3,True,0.36363636363636365,0.30418250950570286,43,98,28,146.35000000000022
cap sweep,"[[21,2,6]]",64,64,60,62,3217.0,879.0,0.7,43,28,1.4883720930232558,2.2857142857142856,False,3,True,0.38181818181818183,0.30418250950570286,43,98,28,146.35000000000022
cap sweep,"[[21,2,6]]",65,64,60,62,3217.0,943.0,0.6,43,28,1.5116279069767442,2.2857142857142856,False,3,True,0.4,0.30418250950570286,43,98,28,146.35000000000022
cap sweep,"[[21,2,6]]",66,64,60,62,3217.0,1007.0,0.6,43,28,1.5348837209302326,2.2857142857142856,False,3,True,0.41818181818181815,0.30418250950570286,43,98,28,146.35000000000022
cap sweep,"[[21,2,6]]",67,64,60,62,3217.0,1071.0,0.6,43,28,1.558139534883721,2.2857142857142856,False,3,True,0.43636363636363634,0.30418250950570286,43,98,28,146.35000000000022
cap sweep,"[[21,2,6]]",68,64,60,62,3217.0,1135.0,0.6,43,28,1.5813953488372092,2.2857142857142856,False,3,True,0.45454545454545453,0.30418250950570286,43,98,28,146.35000000000022
cap sweep,"[[21,2,6]]",69,64,60,62,3217.0,1199.0,0.6,43,28,1.6046511627906976,2.2857142857142856,False,3,True,0.4727272727272727,0.30418250950570286,43,98,28,146.35000000000022
cap sweep,"[[21,2,6]]",70,64,60,62,3217.0,1263.0,0.6,43,28,1.627906976744186,2.2857142857142856,False,3,True,0.4909090909090909,0.30418250950570286,43,98,28,146.35000000000022
cap sweep,"[[21,2,6]]",71,64,60,62,3217.0,1327.0,0.6,43,28,1.6511627906976745,2.2857142857142856,False,3,True,0.509090909090909,0.30418250950570286,43,98,28,146.35000000000022
cap sweep,"[[21,2,6]]",72,57,53,72,3082.0,1022.0,0.6,43,28,1.6744186046511629,2.0357142857142856,False,3,True,0.5272727272727272,0.24503591043514952,43,98,28,146.35000000000022
cap sweep,"[[21,2,6]]",73,57,53,72,3082.0,1079.0,0.6,43,28,1.697674418604651,2.0357142857142856,False,3,True,0.5454545454545454,0.24503591043514952,43,98,28,146.35000000000022
cap sweep,"[[21,2,6]]",74,52,48,74,2949.0,899.0,0.6,43,28,1.7209302325581395,1.8571428571428572,False,3,True,0.5636363636363636,0.20278833967046858,43,98,28,146.35000000000022
cap sweep,"[[21,2,6]]",75,52,48,74,2949.0,951.0,0.6,43,28,1.744186046511628,1.8571428571428572,False,3,True,0.5818181818181818,0.20278833967046858,43,98,28,146.35000000000022
cap sweep,"[[21,2,6]]",76,52,48,74,2949.0,1003.0,0.6,43,28,1.7674418604651163,1.8571428571428572,False,3,True,0.6,0.20278833967046858,43,98,28,146.35000000000022
cap sweep,"[[21,2,6]]",77,52,48,74,2949.0,1055.0,0.6,43,28,1.7906976744186047,1.8571428571428572,False,3,True,0.6181818181818182,0.20278833967046858,43,98,28,146.35000000000022
cap sweep,"[[21,2,6]]",78,52,48,74,2949.0,1107.0,0.6,43,28,1.813953488372093,1.8571428571428572,False,3,True,0.6363636363636364,0.20278833967046858,43,98,28,146.35000000000022
cap sweep,"[[21,2,6]]",79,52,48,74,2949.0,1159.0,0.6,43,28,1.8372093023255813,1.8571428571428572,False,3,True,0.6545454545454545,0.20278833967046858,43,98,28,146.35000000000022
cap sweep,"[[21,2,6]]",80,44,40,80,2703.0,817.0,0.6,43,28,1.8604651162790697,1.5714285714285714,False,3,True,0.6727272727272727,0.13519222644697904,43,98,28,146.35000000000022
cap sweep,"[[21,2,6]]",81,44,40,80,2703.0,861.0,0.6,43,28,1.8837209302325582,1.5714285714285714,False,3,True,0.6909090909090909,0.13519222644697904,43,98,28,146.35000000000022
cap sweep,"[[21,2,6]]",82,44,40,80,2703.0,905.0,0.6,43,28,1.9069767441860466,1.5714285714285714,False,3,True,0.7090909090909091,0.13519222644697904,43,98,28,146.35000000000022
cap sweep,"[[21,2,6]]",83,44,40,80,2703.0,949.0,0.6,43,28,1.930232558139535,1.5714285714285714,False,3,True,0.7272727272727273,0.13519222644697904,43,98,28,146.35000000000022
cap sweep,"[[21,2,6]]",84,44,40,80,2703.0,993.0,0.6,43,28,1.9534883720930232,1.5714285714285714,False,3,True,0.7454545454545455,0.13519222644697904,43,98,28,146.35000000000022
cap sweep,"[[21,2,6]]",85,44,40,80,2703.0,1037.0,0.6,43,28,1.9767441860465116,1.5714285714285714,False,3,True,0.7636363636363637,0.13519222644697904,43,98,28,146.35000000000022
cap sweep,"[[21,2,6]]",86,41,37,86,2650.0,876.0,0.6,43,28,2.0,1.4642857142857142,False,3,True,0.7818181818181819,0.10984368398817047,43,98,28,146.35000000000022
cap sweep,"[[21,2,6]]",87,41,37,86,2650.0,917.0,0.6,43,28,2.0232558139534884,1.4642857142857142,False,3,True,0.8,0.10984368398817047,43,98,28,146.35000000000022
cap sweep,"[[21,2,6]]",88,41,37,86,2650.0,958.0,0.9,43,28,2.046511627906977,1.4642857142857142,False,3,True,0.8181818181818182,0.10984368398817047,43,98,28,146.35000000000022
cap sweep,"[[21,2,6]]",89,41,37,86,2650.0,999.0,0.6,43,28,2.0697674418604652,1.4642857142857142,False,3,True,0.8363636363636363,0.10984368398817047,43,98,28,146.35000000000022
cap sweep,"[[21,2,6]]",90,41,37,86,2650.0,1040.0,0.6,43,28,2.0930232558139537,1.4642857142857142,False,3,True,0.8545454545454545,0.10984368398817047,43,98,28,146.35000000000022
cap sweep,"[[21,2,6]]",91,39,35,91,2672.0,877.0,0.6,43,28,2.116279069767442,1.3928571428571428,False,3,True,0.8727272727272727,0.0929446556822981,43,98,28,146.35000000000022
cap sweep,"[[21,2,6]]",92,39,35,91,2672.0,916.0,0.6,43,28,2.13953488372093,1.3928571428571428,False,3,True,0.8909090909090909,0.0929446556822981,43,98,28,146.35000000000022
cap sweep,"[[21,2,6]]",93,39,35,91,2672.0,955.0,0.7,43,28,2.1627906976744184,1.3928571428571428,False,3,True,0.9090909090909091,0.0929446556822981,43,98,28,146.35000000000022
cap sweep,"[[21,2,6]]",94,39,35,91,2672.0,994.0,0.6,43,28,2.186046511627907,1.3928571428571428,False,3,True,0.9272727272727272,0.0929446556822981,43,98,28,146.35000000000022
cap sweep,"[[21,2,6]]",95,39,35,91,2672.0,1033.0,0.6,43,28,2.2093023255813953,1.3928571428571428,False,3,True,0.9454545454545454,0.0929446556822981,43,98,28,146.35000000000022
cap sweep,"[[21,2,6]]",96,39,35,91,2672.0,1072.0,0.6,43,28,2.2325581395348837,1.3928571428571428,False,3,True,0.9636363636363636,0.0929446556822981,43,98,28,146.35000000000022
cap sweep,"[[21,2,6]]",97,39,35,91,2672.0,1111.0,0.6,43,28,2.255813953488372,1.3928571428571428,False,3,True,0.9818181818181818,0.0929446556822981,43,98,28,146.35000000000022
cap sweep,"[[21,2,6]]",98,37,33,98,2660.0,966.0,0.6,43,28,2.2790697674418605,1.3214285714285714,False,3,True,1.0,0.07604562737642571,43,98,28,146.35000000000022
cap sweep,"[[19,2,6]]",41,462,458,41,12975.0,5967.0,0.7,41,27,1.0,17.11111111111111,True,3,True,0.0,1.15,41,98,27,119.0
cap sweep,"[[19,2,6]]",42,462,458,41,12975.0,6429.0,0.6,41,27,1.024390243902439,17.11111111111111,True,3,True,0.017543859649122806,1.15,41,98,27,119.0
cap sweep,"[[19,2,6]]",43,233,229,43,7003.0,3016.0,0.6,41,27,1.048780487804878,8.62962962962963,False,3,True,0.03508771929824561,1.15,41,98,27,119.0
cap sweep,"[[19,2,6]]",44,233,229,43,7003.0,3249.0,0.6,41,27,1.0731707317073171,8.62962962962963,False,3,True,0.05263157894736842,1.15,41,98,27,119.0
cap sweep,"[[19,2,6]]",45,233,229,43,7003.0,3482.0,0.6,41,27,1.0975609756097562,8.62962962962963,False,3,True,0.07017543859649122,1.15,41,98,27,119.0
cap sweep,"[[19,2,6]]",46,233,229,43,7003.0,3715.0,0.6,41,27,1.1219512195121952,8.62962962962963,False,3,True,0.08771929824561403,1.15,41,98,27,119.0
cap sweep,"[[19,2,6]]",47,119,115,47,4205.0,1388.0,0.6,41,27,1.146341463414634,4.407407407407407,False,3,True,0.10526315789473684,1.0,41,98,27,119.0
cap sweep,"[[19,2,6]]",48,119,115,47,4205.0,1507.0,0.6,41,27,1.170731707317073,4.407407407407407,False,3,True,0.12280701754385964,1.0,41,98,27,119.0
cap sweep,"[[19,2,6]]",49,119,115,47,4205.0,1626.0,0.6,41,27,1.1951219512195121,4.407407407407407,False,3,True,0.14035087719298245,1.0,41,98,27,119.0
cap sweep,"[[19,2,6]]",50,119,115,47,4205.0,1745.0,0.6,41,27,1.2195121951219512,4.407407407407407,False,3,True,0.15789473684210525,1.0,41,98,27,119.0
cap sweep,"[[19,2,6]]",51,96,92,51,3667.0,1229.0,1.0,41,27,1.2439024390243902,3.5555555555555554,False,3,True,0.17543859649122806,0.75,41,98,27,119.0
cap sweep,"[[19,2,6]]",52,96,92,51,3667.0,1325.0,0.6,41,27,1.2682926829268293,3.5555555555555554,False,3,True,0.19298245614035087,0.75,41,98,27,119.0
cap sweep,"[[19,2,6]]",53,96,92,51,3667.0,1421.0,0.6,41,27,1.2926829268292683,3.5555555555555554,False,3,True,0.21052631578947367,0.75,41,98,27,119.0
cap sweep,"[[19,2,6]]",54,96,92,51,3667.0,1517.0,0.6,41,27,1.3170731707317074,3.5555555555555554,False,3,True,0.22807017543859648,0.75,41,98,27,119.0
cap sweep,"[[19,2,6]]",55,96,92,51,3667.0,1613.0,0.6,41,27,1.3414634146341464,3.5555555555555554,False,3,True,0.24561403508771928,0.75,41,98,27,119.0
cap sweep,"[[19,2,6]]",56,96,92,51,3667.0,1709.0,0.6,41,27,1.3658536585365855,3.5555555555555554,False,3,True,0.2631578947368421,0.75,41,98,27,119.0
cap sweep,"[[19,2,6]]",57,96,92,51,3667.0,1805.0,0.6,41,27,1.3902439024390243,3.5555555555555554,False,3,True,0.2807017543859649,0.75,41,98,27,119.0
cap sweep,"[[19,2,6]]",58,56,52,58,2784.0,464.0,0.6,41,27,1.4146341463414633,2.074074074074074,False,3,True,0.2982456140350877,0.31521739130434784,41,98,27,119.0
cap sweep,"[[19,2,6]]",59,56,52,58,2784.0,520.0,0.6,41,27,1.4390243902439024,2.074074074074074,False,3,True,0.3157894736842105,0.31521739130434784,41,98,27,119.0
cap sweep,"[[19,2,6]]",60,56,52,58,2784.0,576.0,0.6,41,27,1.4634146341463414,2.074074074074074,False,3,True,0.3333333333333333,0.31521739130434784,41,98,27,119.0
cap sweep,"[[19,2,6]]",61,56,52,58,2784.0,632.0,0.6,41,27,1.4878048780487805,2.074074074074074,False,3,True,0.3508771929824561,0.31521739130434784,41,98,27,119.0
cap sweep,"[[19,2,6]]",62,56,52,58,2784.0,688.0,0.6,41,27,1.5121951219512195,2.074074074074074,False,3,True,0.3684210526315789,0.31521739130434784,41,98,27,119.0
cap sweep,"[[19,2,6]]",63,56,52,58,2784.0,744.0,0.6,41,27,1.5365853658536586,2.074074074074074,False,3,True,0.38596491228070173,0.31521739130434784,41,98,27,119.0
cap sweep,"[[19,2,6]]",64,56,52,58,2784.0,800.0,0.6,41,27,1.5609756097560976,2.074074074074074,False,3,True,0.40350877192982454,0.31521739130434784,41,98,27,119.0
cap sweep,"[[19,2,6]]",65,56,52,58,2784.0,856.0,0.6,41,27,1.5853658536585367,2.074074074074074,False,3,True,0.42105263157894735,0.31521739130434784,41,98,27,119.0
cap sweep,"[[19,2,6]]",66,56,52,58,2784.0,912.0,0.6,41,27,1.6097560975609757,2.074074074074074,False,3,True,0.43859649122807015,0.31521739130434784,41,98,27,119.0
cap sweep,"[[19,2,6]]",67,51,47,67,2725.0,692.0,0.6,41,27,1.6341463414634145,1.8888888888888888,False,3,True,0.45614035087719296,0.2608695652173913,41,98,27,119.0
cap sweep,"[[19,2,6]]",68,51,47,67,2725.0,743.0,0.6,41,27,1.6585365853658536,1.8888888888888888,False,3,True,0.47368421052631576,0.2608695652173913,41,98,27,119.0
cap sweep,"[[19,2,6]]",69,51,47,67,2725.0,794.0,0.6,41,27,1.6829268292682926,1.8888888888888888,False,3,True,0.49122807017543857,0.2608695652173913,41,98,27,119.0
cap sweep,"[[19,2,6]]",70,51,47,67,2725.0,845.0,0.7,41,27,1.7073170731707317,1.8888888888888888,False,3,True,0.5087719298245614,0.2608695652173913,41,98,27,119.0
cap sweep,"[[19,2,6]]",71,51,47,67,2725.0,896.0,0.6,41,27,1.7317073170731707,1.8888888888888888,False,3,True,0.5263157894736842,0.2608695652173913,41,98,27,119.0
cap sweep,"[[19,2,6]]",72,51,47,67,2725.0,947.0,0.6,41,27,1.7560975609756098,1.8888888888888888,False,3,True,0.543859649122807,0.2608695652173913,41,98,27,119.0
cap sweep,"[[19,2,6]]",73,51,47,67,2725.0,998.0,0.6,41,27,1.7804878048780488,1.8888888888888888,False,3,True,0.5614035087719298,0.2608695652173913,41,98,27,119.0
cap sweep,"[[19,2,6]]",74,47,43,74,2633.0,845.0,0.6,41,27,1.8048780487804879,1.7407407407407407,False,3,True,0.5789473684210527,0.21739130434782608,41,98,27,119.0
cap sweep,"[[19,2,6]]",75,44,40,75,2636.0,664.0,0.6,41,27,1.829268292682927,1.6296296296296295,False,3,True,0.5964912280701754,0.18478260869565216,41,98,27,119.0
cap sweep,"[[19,2,6]]",76,44,40,75,2636.0,708.0,0.6,41,27,1.853658536585366,1.6296296296296295,False,3,True,0.6140350877192983,0.18478260869565216,41,98,27,119.0
cap sweep,"[[19,2,6]]",77,44,40,75,2636.0,752.0,0.6,41,27,1.8780487804878048,1.6296296296296295,False,3,True,0.631578947368421,0.18478260869565216,41,98,27,119.0
cap sweep,"[[19,2,6]]",78,44,40,75,2636.0,796.0,0.6,41,27,1.9024390243902438,1.6296296296296295,False,3,True,0.6491228070175439,0.18478260869565216,41,98,27,119.0
cap sweep,"[[19,2,6]]",79,44,40,75,2636.0,840.0,0.6,41,27,1.9268292682926829,1.6296296296296295,False,3,True,0.6666666666666666,0.18478260869565216,41,98,27,119.0
cap sweep,"[[19,2,6]]",80,41,37,80,2592.0,688.0,0.6,41,27,1.951219512195122,1.5185185185185186,False,3,True,0.6842105263157895,0.15217391304347827,41,98,27,119.0
cap sweep,"[[19,2,6]]",81,41,37,80,2592.0,729.0,0.6,41,27,1.975609756097561,1.5185185185185186,False,3,True,0.7017543859649122,0.15217391304347827,41,98,27,119.0
cap sweep,"[[19,2,6]]",82,41,37,80,2592.0,770.0,0.6,41,27,2.0,1.5185185185185186,False,3,True,0.7192982456140351,0.15217391304347827,41,98,27,119.0
cap sweep,"[[19,2,6]]",83,41,37,80,2592.0,811.0,0.7,41,27,2.024390243902439,1.5185185185185186,False,3,True,0.7368421052631579,0.15217391304347827,41,98,27,119.0
cap sweep,"[[19,2,6]]",84,38,34,84,2508.0,684.0,0.7,41,27,2.048780487804878,1.4074074074074074,False,3,True,0.7543859649122807,0.11956521739130435,41,98,27,119.0
cap sweep,"[[19,2,6]]",85,38,34,84,2508.0,722.0,0.6,41,27,2.073170731707317,1.4074074074074074,False,3,True,0.7719298245614035,0.11956521739130435,41,98,27,119.0
cap sweep,"[[19,2,6]]",86,38,34,84,2508.0,760.0,0.6,41,27,2.097560975609756,1.4074074074074074,False,3,True,0.7894736842105263,0.11956521739130435,41,98,27,119.0
cap sweep,"[[19,2,6]]",87,38,34,84,2508.0,798.0,0.6,41,27,2.1219512195121952,1.4074074074074074,False,3,True,0.8070175438596491,0.11956521739130435,41,98,27,119.0
cap sweep,"[[19,2,6]]",88,38,34,84,2508.0,836.0,0.6,41,27,2.1463414634146343,1.4074074074074074,False,3,True,0.8245614035087719,0.11956521739130435,41,98,27,119.0
cap sweep,"[[19,2,6]]",89,36,32,89,2511.0,693.0,0.6,41,27,2.1707317073170733,1.3333333333333333,False,3,True,0.8421052631578947,0.09782608695652174,41,98,27,119.0
cap sweep,"[[19,2,6]]",90,36,32,89,2511.0,729.0,0.6,41,27,2.1951219512195124,1.3333333333333333,False,3,True,0.8596491228070176,0.09782608695652174,41,98,27,119.0
cap sweep,"[[19,2,6]]",91,36,32,89,2511.0,765.0,0.6,41,27,2.2195121951219514,1.3333333333333333,False,3,True,0.8771929824561403,0.09782608695652174,41,98,27,119.0
cap sweep,"[[19,2,6]]",92,36,32,89,2511.0,801.0,0.6,41,27,2.2439024390243905,1.3333333333333333,False,3,True,0.8947368421052632,0.09782608695652174,41,98,27,119.0
cap sweep,"[[19,2,6]]",93,36,32,89,2511.0,837.0,0.6,41,27,2.268292682926829,1.3333333333333333,False,3,True,0.9122807017543859,0.09782608695652174,41,98,27,119.0
cap sweep,"[[19,2,6]]",94,33,29,94,2423.0,679.0,0.6,41,27,2.292682926829268,1.2222222222222223,False,3,True,0.9298245614035088,0.06521739130434782,41,98,27,119.0
cap sweep,"[[19,2,6]]",95,33,29,94,2423.0,712.0,0.6,41,27,2.317073170731707,1.2222222222222223,False,3,True,0.9473684210526315,0.06521739130434782,41,98,27,119.0
cap sweep,"[[19,2,6]]",96,33,29,94,2423.0,745.0,0.6,41,27,2.341463414634146,1.2222222222222223,False,3,True,0.9649122807017544,0.06521739130434782,41,98,27,119.0
cap sweep,"[[19,2,6]]",97,33,29,94,2423.0,778.0,0.6,41,27,2.3658536585365852,1.2222222222222223,False,3,True,0.9824561403508771,0.06521739130434782,41,98,27,119.0
cap sweep,"[[19,2,6]]",98,33,29,94,2423.0,811.0,0.6,41,27,2.3902439024390243,1.2222222222222223,False,3,True,1.0,0.06521739130434782,41,98,27,119.0
cap sweep,"[[17,2,6]]",39,454,450,39,12057.0,5649.0,0.6,39,26,1.0,17.46153846153846,True,3,True,0.0,1.15,39,98,26,117.0
cap sweep,"[[17,2,6]]",40,454,450,39,12057.0,6103.0,0.6,39,26,1.0256410256410255,17.46153846153846,True,3,True,0.01694915254237288,1.15,39,98,26,117.0
cap sweep,"[[17,2,6]]",41,229,225,41,6592.0,2797.0,0.6,39,26,1.0512820512820513,8.807692307692308,False,3,True,0.03389830508474576,1.15,39,98,26,117.0
cap sweep,"[[17,2,6]]",42,229,225,41,6592.0,3026.0,0.6,39,26,1.0769230769230769,8.807692307692308,False,3,True,0.05084745762711865,1.15,39,98,26,117.0
cap sweep,"[[17,2,6]]",43,155,151,43,4834.0,1831.0,0.6,39,26,1.1025641025641026,5.961538461538462,False,3,True,0.06779661016949153,1.15,39,98,26,117.0
cap sweep,"[[17,2,6]]",44,155,151,43,4834.0,1986.0,0.7,39,26,1.1282051282051282,5.961538461538462,False,3,True,0.0847457627118644,1.15,39,98,26,117.0
cap sweep,"[[17,2,6]]",45,155,151,43,4834.0,2141.0,0.7,39,26,1.1538461538461537,5.961538461538462,False,3,True,0.1016949152542373,1.15,39,98,26,117.0
cap sweep,"[[17,2,6]]",46,117,113,46,4009.0,1373.0,0.6,39,26,1.1794871794871795,4.5,False,3,True,0.11864406779661017,1.0,39,98,26,117.0
cap sweep,"[[17,2,6]]",47,117,113,46,4009.0,1490.0,0.6,39,26,1.205128205128205,4.5,False,3,True,0.13559322033898305,1.0,39,98,26,117.0
cap sweep,"[[17,2,6]]",48,117,113,46,4009.0,1607.0,0.7,39,26,1.2307692307692308,4.5,False,3,True,0.15254237288135594,1.0,39,98,26,117.0
cap sweep,"[[17,2,6]]",49,117,113,46,4009.0,1724.0,0.6,39,26,1.2564102564102564,4.5,False,3,True,0.1694915254237288,1.0,39,98,26,117.0
cap sweep,"[[17,2,6]]",50,95,91,50,3513.0,1237.0,0.6,39,26,1.2820512820512822,3.6538461538461537,False,3,True,0.1864406779661017,0.7582417582417582,39,98,26,117.0
cap sweep,"[[17,2,6]]",51,95,91,50,3513.0,1332.0,0.6,39,26,1.3076923076923077,3.6538461538461537,False,3,True,0.2033898305084746,0.7582417582417582,39,98,26,117.0
cap sweep,"[[17,2,6]]",52,95,91,50,3513.0,1427.0,0.6,39,26,1.3333333333333333,3.6538461538461537,False,3,True,0.22033898305084745,0.7582417582417582,39,98,26,117.0
cap sweep,"[[17,2,6]]",53,80,76,53,3227.0,1013.0,0.6,39,26,1.358974358974359,3.076923076923077,False,3,True,0.23728813559322035,0.5934065934065934,39,98,26,117.0
cap sweep,"[[17,2,6]]",54,80,76,53,3227.0,1093.0,0.6,39,26,1.3846153846153846,3.076923076923077,False,3,True,0.2542372881355932,0.5934065934065934,39,98,26,117.0
cap sweep,"[[17,2,6]]",55,70,66,55,3062.0,788.0,0.6,39,26,1.4102564102564104,2.6923076923076925,False,3,True,0.2711864406779661,0.4835164835164835,39,98,26,117.0
cap sweep,"[[17,2,6]]",56,70,66,55,3062.0,858.0,0.6,39,26,1.435897435897436,2.6923076923076925,False,3,True,0.288135593220339,0.4835164835164835,39,98,26,117.0
cap sweep,"[[17,2,6]]",57,70,66,55,3062.0,928.0,0.6,39,26,1.4615384615384615,2.6923076923076925,False,3,True,0.3050847457627119,0.4835164835164835,39,98,26,117.0
cap sweep,"[[17,2,6]]",58,70,66,55,3062.0,998.0,0.6,39,26,1.4871794871794872,2.6923076923076925,False,3,True,0.3220338983050847,0.4835164835164835,39,98,26,117.0
cap sweep,"[[17,2,6]]",59,70,66,55,3062.0,1068.0,0.6,39,26,1.5128205128205128,2.6923076923076925,False,3,True,0.3389830508474576,0.4835164835164835,39,98,26,117.0
cap sweep,"[[17,2,6]]",60,61,57,60,2841.0,819.0,0.6,39,26,1.5384615384615385,2.3461538461538463,False,3,True,0.3559322033898305,0.38461538461538464,39,98,26,117.0
cap sweep,"[[17,2,6]]",61,61,57,60,2841.0,880.0,0.6,39,26,1.564102564102564,2.3461538461538463,False,3,True,0.3728813559322034,0.38461538461538464,39,98,26,117.0
cap sweep,"[[17,2,6]]",62,61,57,60,2841.0,941.0,0.7,39,26,1.5897435897435896,2.3461538461538463,False,3,True,0.3898305084745763,0.38461538461538464,39,98,26,117.0
cap sweep,"[[17,2,6]]",63,55,51,63,2775.0,690.0,0.6,39,26,1.6153846153846154,2.1153846153846154,False,3,True,0.4067796610169492,0.31868131868131866,39,98,26,117.0
cap sweep,"[[17,2,6]]",64,55,51,63,2775.0,745.0,0.6,39,26,1.641025641025641,2.1153846153846154,False,3,True,0.423728813559322,0.31868131868131866,39,98,26,117.0
cap sweep,"[[17,2,6]]",65,51,47,65,2692.0,623.0,0.6,39,26,1.6666666666666667,1.9615384615384615,False,3,True,0.4406779661016949,0.27472527472527475,39,98,26,117.0
cap sweep,"[[17,2,6]]",66,51,47,65,2692.0,674.0,0.6,39,26,1.6923076923076923,1.9615384615384615,False,3,True,0.4576271186440678,0.27472527472527475,39,98,26,117.0
cap sweep,"[[17,2,6]]",67,51,47,65,2692.0,725.0,0.6,39,26,1.7179487179487178,1.9615384615384615,False,3,True,0.4745762711864407,0.27472527472527475,39,98,26,117.0
cap sweep,"[[17,2,6]]",68,51,47,65,2692.0,776.0,0.6,39,26,1.7435897435897436,1.9615384615384615,False,3,True,0.4915254237288136,0.27472527472527475,39,98,26,117.0
cap sweep,"[[17,2,6]]",69,47,43,69,2623.0,620.0,0.6,39,26,1.7692307692307692,1.8076923076923077,False,3,True,0.5084745762711864,0.23076923076923078,39,98,26,117.0
cap sweep,"[[17,2,6]]",70,47,43,69,2623.0,667.0,0.6,39,26,1.794871794871795,1.8076923076923077,False,3,True,0.5254237288135594,0.23076923076923078,39,98,26,117.0
cap sweep,"[[17,2,6]]",71,47,43,69,2623.0,714.0,0.6,39,26,1.8205128205128205,1.8076923076923077,False,3,True,0.5423728813559322,0.23076923076923078,39,98,26,117.0
cap sweep,"[[17,2,6]]",72,47,43,69,2623.0,761.0,0.6,39,26,1.8461538461538463,1.8076923076923077,False,3,True,0.559322033898305,0.23076923076923078,39,98,26,117.0
cap sweep,"[[17,2,6]]",73,47,43,69,2623.0,808.0,0.6,39,26,1.8717948717948718,1.8076923076923077,False,3,True,0.576271186440678,0.23076923076923078,39,98,26,117.0
cap sweep,"[[17,2,6]]",74,43,39,74,2489.0,693.0,0.6,39,26,1.8974358974358974,1.6538461538461537,False,3,True,0.5932203389830508,0.18681318681318682,39,98,26,117.0
cap sweep,"[[17,2,6]]",75,43,39,74,2489.0,736.0,0.6,39,26,1.9230769230769231,1.6538461538461537,False,3,True,0.6101694915254238,0.18681318681318682,39,98,26,117.0
cap sweep,"[[17,2,6]]",76,43,39,74,2489.0,779.0,0.6,39,26,1.9487179487179487,1.6538461538461537,False,3,True,0.6271186440677966,0.18681318681318682,39,98,26,117.0
cap sweep,"[[17,2,6]]",77,43,39,74,2489.0,822.0,0.6,39,26,1.9743589743589745,1.6538461538461537,False,3,True,0.6440677966101694,0.18681318681318682,39,98,26,117.0
cap sweep,"[[17,2,6]]",78,43,39,74,2489.0,865.0,0.6,39,26,2.0,1.6538461538461537,False,3,True,0.6610169491525424,0.18681318681318682,39,98,26,117.0
cap sweep,"[[17,2,6]]",79,40,36,79,2514.0,646.0,0.6,39,26,2.0256410256410255,1.5384615384615385,False,3,True,0.6779661016949152,0.15384615384615385,39,98,26,117.0
cap sweep,"[[17,2,6]]",80,40,36,79,2514.0,686.0,0.6,39,26,2.051282051282051,1.5384615384615385,False,3,True,0.6949152542372882,0.15384615384615385,39,98,26,117.0
cap sweep,"[[17,2,6]]",81,40,36,79,2514.0,726.0,0.6,39,26,2.076923076923077,1.5384615384615385,False,3,True,0.711864406779661,0.15384615384615385,39,98,26,117.0
cap sweep,"[[17,2,6]]",82,37,33,82,2451.0,583.0,0.6,39,26,2.1025641025641026,1.4230769230769231,False,3,True,0.7288135593220338,0.12087912087912088,39,98,26,117.0
cap sweep,"[[17,2,6]]",83,37,33,82,2451.0,620.0,0.6,39,26,2.128205128205128,1.4230769230769231,False,3,True,0.7457627118644068,0.12087912087912088,39,98,26,117.0
cap sweep,"[[17,2,6]]",84,37,33,82,2451.0,657.0,0.6,39,26,2.1538461538461537,1.4230769230769231,False,3,True,0.7627118644067796,0.12087912087912088,39,98,26,117.0
cap sweep,"[[17,2,6]]",85,37,33,82,2451.0,694.0,0.6,39,26,2.1794871794871793,1.4230769230769231,False,3,True,0.7796610169491526,0.12087912087912088,39,98,26,117.0
cap sweep,"[[17,2,6]]",86,37,33,82,2451.0,731.0,0.6,39,26,2.2051282051282053,1.4230769230769231,False,3,True,0.7966101694915254,0.12087912087912088,39,98,26,117.0
cap sweep,"[[17,2,6]]",87,37,33,82,2451.0,768.0,0.6,39,26,2.230769230769231,1.4230769230769231,False,3,True,0.8135593220338984,0.12087912087912088,39,98,26,117.0
cap sweep,"[[17,2,6]]",88,35,31,88,2437.0,643.0,0.6,39,26,2.2564102564102564,1.3461538461538463,False,3,True,0.8305084745762712,0.0989010989010989,39,98,26,117.0
cap sweep,"[[17,2,6]]",89,35,31,88,2437.0,678.0,0.6,39,26,2.282051282051282,1.3461538461538463,False,3,True,0.847457627118644,0.0989010989010989,39,98,26,117.0
cap sweep,"[[17,2,6]]",90,35,31,88,2437.0,713.0,0.6,39,26,2.3076923076923075,1.3461538461538463,False,3,True,0.864406779661017,0.0989010989010989,39,98,26,117.0
cap sweep,"[[17,2,6]]",91,33,29,91,2409.0,594.0,0.6,39,26,2.3333333333333335,1.2692307692307692,False,3,True,0.8813559322033898,0.07692307692307693,39,98,26,117.0
cap sweep,"[[17,2,6]]",92,33,29,91,2409.0,627.0,0.6,39,26,2.358974358974359,1.2692307692307692,False,3,True,0.8983050847457628,0.07692307692307693,39,98,26,117.0
cap sweep,"[[17,2,6]]",93,33,29,91,2409.0,660.0,0.6,39,26,2.3846153846153846,1.2692307692307692,False,3,True,0.9152542372881356,0.07692307692307693,39,98,26,117.0
cap sweep,"[[17,2,6]]",94,33,29,91,2409.0,693.0,0.6,39,26,2.41025641025641,1.2692307692307692,False,3,True,0.9322033898305084,0.07692307692307693,39,98,26,117.0
cap sweep,"[[17,2,6]]",95,33,29,91,2409.0,726.0,0.6,39,26,2.4358974358974357,1.2692307692307692,False,3,True,0.9491525423728814,0.07692307692307693,39,98,26,117.0
cap sweep,"[[17,2,6]]",96,33,29,91,2409.0,759.0,0.6,39,26,2.4615384615384617,1.2692307692307692,False,3,True,0.9661016949152542,0.07692307692307693,39,98,26,117.0
cap sweep,"[[17,2,6]]",97,30,26,97,2398.0,512.0,0.6,39,26,2.4871794871794872,1.1538461538461537,False,3,True,0.9830508474576272,0.04395604395604396,39,98,26,117.0
cap sweep,"[[17,2,6]]",98,30,26,97,2398.0,542.0,0.6,39,26,2.5128205128205128,1.1538461538461537,False,3,True,1.0,0.04395604395604396,39,98,26,117.0
cap sweep,"[[16,3,5]]",40,395,393,40,12143.0,3657.0,0.5,40,23,1.0,17.17391304347826,True,3,True,0.0,1.15,40,98,23,55.39999999999992
cap sweep,"[[16,3,5]]",41,200,197,41,6413.0,1787.0,0.5,40,23,1.025,8.695652173913043,False,3,True,0.017241379310344827,1.15,40,98,23,55.39999999999992
cap sweep,"[[16,3,5]]",42,200,197,41,6413.0,1987.0,0.5,40,23,1.05,8.695652173913043,False,3,True,0.034482758620689655,1.15,40,98,23,55.39999999999992
cap sweep,"[[16,3,5]]",43,102,99,43,3568.0,818.0,0.5,40,23,1.075,4.434782608695652,False,3,True,0.05172413793103448,1.15,40,98,23,55.39999999999992
cap sweep,"[[16,3,5]]",44,83,80,44,2998.0,654.0,0.5,40,23,1.1,3.608695652173913,False,3,True,0.06896551724137931,1.15,40,98,23,55.39999999999992
cap sweep,"[[16,3,5]]",45,83,80,44,2998.0,737.0,0.5,40,23,1.125,3.608695652173913,False,3,True,0.08620689655172414,1.15,40,98,23,55.39999999999992
cap sweep,"[[16,3,5]]",46,70,66,46,2663.0,557.0,0.5,40,23,1.15,3.0434782608695654,False,3,True,0.10344827586206896,1.15,40,98,23,55.39999999999992
cap sweep,"[[16,3,5]]",47,70,66,46,2663.0,627.0,0.4,40,23,1.175,3.0434782608695654,False,3,True,0.1206896551724138,1.15,40,98,23,55.39999999999992
cap sweep,"[[16,3,5]]",48,61,57,48,2407.0,521.0,0.4,40,23,1.2,2.652173913043478,False,3,True,0.13793103448275862,1.15,40,98,23,55.39999999999992
cap sweep,"[[16,3,5]]",49,54,50,49,2212.0,434.0,0.5,40,23,1.225,2.347826086956522,False,3,True,0.15517241379310345,0.9567901234567925,40,98,23,55.39999999999992
cap sweep,"[[16,3,5]]",50,54,50,49,2212.0,488.0,0.5,40,23,1.25,2.347826086956522,False,3,True,0.1724137931034483,0.9567901234567925,40,98,23,55.39999999999992
cap sweep,"[[16,3,5]]",51,48,45,51,2074.0,374.0,0.5,40,23,1.275,2.0869565217391304,False,3,True,0.1896551724137931,0.7716049382716068,40,98,23,55.39999999999992
cap sweep,"[[16,3,5]]",52,48,45,51,2074.0,422.0,0.4,40,23,1.3,2.0869565217391304,False,3,True,0.20689655172413793,0.7716049382716068,40,98,23,55.39999999999992
cap sweep,"[[16,3,5]]",53,48,45,51,2074.0,470.0,0.4,40,23,1.325,2.0869565217391304,False,3,True,0.22413793103448276,0.7716049382716068,40,98,23,55.39999999999992
cap sweep,"[[16,3,5]]",54,44,40,54,1967.0,409.0,0.4,40,23,1.35,1.9130434782608696,False,3,True,0.2413793103448276,0.6481481481481497,40,98,23,55.39999999999992
cap sweep,"[[16,3,5]]",55,44,40,54,1967.0,453.0,0.4,40,23,1.375,1.9130434782608696,False,3,True,0.25862068965517243,0.6481481481481497,40,98,23,55.39999999999992
cap sweep,"[[16,3,5]]",56,41,37,56,1881.0,415.0,0.4,40,23,1.4,1.7826086956521738,False,3,True,0.27586206896551724,0.5555555555555569,40,98,23,55.39999999999992
cap sweep,"[[16,3,5]]",57,41,37,56,1881.0,456.0,0.5,40,23,1.425,1.7826086956521738,False,3,True,0.29310344827586204,0.5555555555555569,40,98,23,55.39999999999992
cap sweep,"[[16,3,5]]",58,41,37,56,1881.0,497.0,0.4,40,23,1.45,1.7826086956521738,False,3,True,0.3103448275862069,0.5555555555555569,40,98,23,55.39999999999992
cap sweep,"[[16,3,5]]",59,41,37,56,1881.0,538.0,0.5,40,23,1.475,1.7826086956521738,False,3,True,0.3275862068965517,0.5555555555555569,40,98,23,55.39999999999992
cap sweep,"[[16,3,5]]",60,41,37,56,1881.0,579.0,0.4,40,23,1.5,1.7826086956521738,False,3,True,0.3448275862068966,0.5555555555555569,40,98,23,55.39999999999992
cap sweep,"[[16,3,5]]",61,41,37,56,1881.0,620.0,0.4,40,23,1.525,1.7826086956521738,False,3,True,0.3620689655172414,0.5555555555555569,40,98,23,55.39999999999992
cap sweep,"[[16,3,5]]",62,41,37,56,1881.0,661.0,0.4,40,23,1.55,1.7826086956521738,False,3,True,0.3793103448275862,0.5555555555555569,40,98,23,55.39999999999992
cap sweep,"[[16,3,5]]",63,38,34,63,1853.0,541.0,0.4,40,23,1.575,1.6521739130434783,False,3,True,0.39655172413793105,0.4629629629629641,40,98,23,55.39999999999992
cap sweep,"[[16,3,5]]",64,38,34,63,1853.0,579.0,0.4,40,23,1.6,1.6521739130434783,False,3,True,0.41379310344827586,0.4629629629629641,40,98,23,55.39999999999992
cap sweep,"[[16,3,5]]",65,38,34,63,1853.0,617.0,0.4,40,23,1.625,1.6521739130434783,False,3,True,0.43103448275862066,0.4629629629629641,40,98,23,55.39999999999992
cap sweep,"[[16,3,5]]",66,38,34,63,1853.0,655.0,0.4,40,23,1.65,1.6521739130434783,False,3,True,0.4482758620689655,0.4629629629629641,40,98,23,55.39999999999992
cap sweep,"[[16,3,5]]",67,38,34,63,1853.0,693.0,0.4,40,23,1.675,1.6521739130434783,False,3,True,0.46551724137931033,0.4629629629629641,40,98,23,55.39999999999992
cap sweep,"[[16,3,5]]",68,38,34,63,1853.0,731.0,0.4,40,23,1.7,1.6521739130434783,False,3,True,0.4827586206896552,0.4629629629629641,40,98,23,55.39999999999992
cap sweep,"[[16,3,5]]",69,35,31,69,1797.0,618.0,0.4,40,23,1.725,1.5217391304347827,False,3,True,0.5,0.3703703703703713,40,98,23,55.39999999999992
cap sweep,"[[16,3,5]]",70,35,31,69,1797.0,653.0,0.4,40,23,1.75,1.5217391304347827,False,3,True,0.5172413793103449,0.3703703703703713,40,98,23,55.39999999999992
cap sweep,"[[16,3,5]]",71,33,29,71,1774.0,569.0,0.4,40,23,1.775,1.434782608695652,False,3,True,0.5344827586206896,0.30864197530864274,40,98,23,55.39999999999992
cap sweep,"[[16,3,5]]",72,33,29,71,1774.0,602.0,0.4,40,23,1.8,1.434782608695652,False,3,True,0.5517241379310345,0.30864197530864274,40,98,23,55.39999999999992
cap sweep,"[[16,3,5]]",73,33,29,71,1774.0,635.0,0.4,40,23,1.825,1.434782608695652,False,3,True,0.5689655172413793,0.30864197530864274,40,98,23,55.39999999999992
cap sweep,"[[16,3,5]]",74,31,27,74,1771.0,523.0,0.4,40,23,1.85,1.3478260869565217,False,3,True,0.5862068965517241,0.24691358024691418,40,98,23,55.39999999999992
cap sweep,"[[16,3,5]]",75,31,27,74,1771.0,554.0,0.4,40,23,1.875,1.3478260869565217,False,3,True,0.603448275862069,0.24691358024691418,40,98,23,55.39999999999992
cap sweep,"[[16,3,5]]",76,31,27,74,1771.0,585.0,0.4,40,23,1.9,1.3478260869565217,False,3,True,0.6206896551724138,0.24691358024691418,40,98,23,55.39999999999992
cap sweep,"[[16,3,5]]",77,31,27,74,1771.0,616.0,0.4,40,23,1.925,1.3478260869565217,False,3,True,0.6379310344827587,0.24691358024691418,40,98,23,55.39999999999992
cap sweep,"[[16,3,5]]",78,31,27,74,1771.0,647.0,0.4,40,23,1.95,1.3478260869565217,False,3,True,0.6551724137931034,0.24691358024691418,40,98,23,55.39999999999992
cap sweep,"[[16,3,5]]",79,31,27,74,1771.0,678.0,0.4,40,23,1.975,1.3478260869565217,False,3,True,0.6724137931034483,0.24691358024691418,40,98,23,55.39999999999992
cap sweep,"[[16,3,5]]",80,31,27,74,1771.0,709.0,0.4,40,23,2.0,1.3478260869565217,False,3,True,0.6896551724137931,0.24691358024691418,40,98,23,55.39999999999992
cap sweep,"[[16,3,5]]",81,31,27,74,1771.0,740.0,0.4,40,23,2.025,1.3478260869565217,False,3,True,0.7068965517241379,0.24691358024691418,40,98,23,55.39999999999992
cap sweep,"[[16,3,5]]",82,31,27,74,1771.0,771.0,0.4,40,23,2.05,1.3478260869565217,False,3,True,0.7241379310344828,0.24691358024691418,40,98,23,55.39999999999992
cap sweep,"[[16,3,5]]",83,31,27,74,1771.0,802.0,0.4,40,23,2.075,1.3478260869565217,False,3,True,0.7413793103448276,0.24691358024691418,40,98,23,55.39999999999992
cap sweep,"[[16,3,5]]",84,29,25,84,1739.0,697.0,0.4,40,23,2.1,1.2608695652173914,False,3,True,0.7586206896551724,0.18518518518518565,40,98,23,55.39999999999992
cap sweep,"[[16,3,5]]",85,28,24,85,1730.0,650.0,0.4,40,23,2.125,1.2173913043478262,False,3,True,0.7758620689655172,0.15432098765432137,40,98,23,55.39999999999992
cap sweep,"[[16,3,5]]",86,27,23,86,1701.0,621.0,0.4,40,23,2.15,1.173913043478261,False,3,True,0.7931034482758621,0.12345679012345709,40,98,23,55.39999999999992
cap sweep,"[[16,3,5]]",87,27,23,86,1701.0,648.0,0.5,40,23,2.175,1.173913043478261,False,3,True,0.8103448275862069,0.12345679012345709,40,98,23,55.39999999999992
cap sweep,"[[16,3,5]]",88,27,23,86,1701.0,675.0,0.4,40,23,2.2,1.173913043478261,False,3,True,0.8275862068965517,0.12345679012345709,40,98,23,55.39999999999992
cap sweep,"[[16,3,5]]",89,27,23,86,1701.0,702.0,0.4,40,23,2.225,1.173913043478261,False,3,True,0.8448275862068966,0.12345679012345709,40,98,23,55.39999999999992
cap sweep,"[[16,3,5]]",90,27,23,86,1701.0,729.0,0.4,40,23,2.25,1.173913043478261,False,3,True,0.8620689655172413,0.12345679012345709,40,98,23,55.39999999999992
cap sweep,"[[16,3,5]]",91,27,23,86,1701.0,756.0,0.4,40,23,2.275,1.173913043478261,False,3,True,0.8793103448275862,0.12345679012345709,40,98,23,55.39999999999992
cap sweep,"[[16,3,5]]",92,27,23,86,1701.0,783.0,0.4,40,23,2.3,1.173913043478261,False,3,True,0.896551724137931,0.12345679012345709,40,98,23,55.39999999999992
cap sweep,"[[16,3,5]]",93,27,23,86,1701.0,810.0,0.4,40,23,2.325,1.173913043478261,False,3,True,0.9137931034482759,0.12345679012345709,40,98,23,55.39999999999992
cap sweep,"[[16,3,5]]",94,27,23,86,1701.0,837.0,0.4,40,23,2.35,1.173913043478261,False,3,True,0.9310344827586207,0.12345679012345709,40,98,23,55.39999999999992
cap sweep,"[[16,3,5]]",95,27,23,86,1701.0,864.0,0.4,40,23,2.375,1.173913043478261,False,3,True,0.9482758620689655,0.12345679012345709,40,98,23,55.39999999999992
cap sweep,"[[16,3,5]]",96,27,23,86,1701.0,891.0,0.4,40,23,2.4,1.173913043478261,False,3,True,0.9655172413793104,0.12345679012345709,40,98,23,55.39999999999992
cap sweep,"[[16,3,5]]",97,26,22,97,1747.0,775.0,0.4,40,23,2.425,1.1304347826086956,False,3,True,0.9827586206896551,0.09259259259259282,40,98,23,55.39999999999992
cap sweep,"[[16,3,5]]",98,26,22,97,1747.0,801.0,0.4,40,23,2.45,1.1304347826086956,False,3,True,1.0,0.09259259259259282,40,98,23,55.39999999999992
